TimeSinceStart,IsLeftTracked,LeftPosX,LeftPosY,LeftPosZ,LeftRotX,LeftRotY,LeftRotZ,IsRightTracked,RightPosX,RightPosY,RightPosZ,RightRotX,RightRotY,RightRotZ
0,0,0,0,0,0,0,0,1,0.2961201,2.794242,0.2553739,85.43365,35.15541,302.1793
0.1031761,0,0,0,0,0,0,0,1,0.333723,2.776687,0.3028848,76.50673,66.47003,327.5383
0.223177,0,0,0,0,0,0,0,1,0.3361517,2.759038,0.3301118,75.37629,87.43633,344.3803
0.3431759,0,0,0,0,0,0,0,1,0.3361131,2.749502,0.3338453,73.35506,82.36159,341.8432
0.4631767,0,0,0,0,0,0,0,1,0.3364512,2.732846,0.3355343,63.79187,71.40946,339.9122
0.5831757,0,0,0,0,0,0,0,1,0.3376653,2.719893,0.3408178,41.12098,75.96371,348.709
0.7031765,0,0,0,0,0,0,0,1,0.337985,2.716908,0.3396381,24.38822,70.74987,350.1187
0.8231754,0,0,0,0,0,0,0,1,0.3464298,2.711344,0.3281522,14.30263,74.45051,358.9517
0.9431763,0,0,0,0,0,0,0,1,0.345574,2.716733,0.3311926,19.00135,81.01883,2.810548
1.063175,0,0,0,0,0,0,0,1,0.3482793,2.763803,0.3270313,1.764936,71.39338,2.011102
1.183176,0,0,0,0,0,0,0,1,0.2898556,3.149345,0.1427723,11.84611,29.72923,301.0747
1.303177,0,0,0,0,0,0,0,1,0.3070835,3.347073,0.1278999,341.9144,14.63552,304.8325
1.423176,0,0,0,0,0,0,0,0,0,0,0,0,0,0
1.543177,0,0,0,0,0,0,0,0,0,0,0,0,0,0
1.663176,0,0,0,0,0,0,0,0,0,0,0,0,0,0
1.783176,0,0,0,0,0,0,0,0,0,0,0,0,0,0
1.903175,0,0,0,0,0,0,0,0,0,0,0,0,0,0
2.023176,0,0,0,0,0,0,0,0,0,0,0,0,0,0
2.143175,0,0,0,0,0,0,0,0,0,0,0,0,0,0
2.263176,0,0,0,0,0,0,0,0,0,0,0,0,0,0
2.383177,0,0,0,0,0,0,0,0,0,0,0,0,0,0
2.503176,0,0,0,0,0,0,0,0,0,0,0,0,0,0
2.623177,0,0,0,0,0,0,0,0,0,0,0,0,0,0
2.743176,0,0,0,0,0,0,0,0,0,0,0,0,0,0
2.863176,0,0,0,0,0,0,0,0,0,0,0,0,0,0
2.983175,0,0,0,0,0,0,0,0,0,0,0,0,0,0
3.103176,0,0,0,0,0,0,0,0,0,0,0,0,0,0
3.223175,0,0,0,0,0,0,0,0,0,0,0,0,0,0
3.341314,0,0,0,0,0,0,0,0,0,0,0,0,0,0
3.453039,0,0,0,0,0,0,0,0,0,0,0,0,0,0
3.563522,0,0,0,0,0,0,0,0,0,0,0,0,0,0
3.676207,0,0,0,0,0,0,0,0,0,0,0,0,0,0
3.789579,0,0,0,0,0,0,0,0,0,0,0,0,0,0
3.901201,0,0,0,0,0,0,0,0,0,0,0,0,0,0
4.011229,0,0,0,0,0,0,0,0,0,0,0,0,0,0
4.118057,0,0,0,0,0,0,0,0,0,0,0,0,0,0
4.222805,0,0,0,0,0,0,0,0,0,0,0,0,0,0
4.327414,0,0,0,0,0,0,0,1,-0.5235506,2.83813,0.3170234,317.8916,279.3508,148.9256
4.429581,0,0,0,0,0,0,0,1,-0.5874267,2.789364,0.3285467,74.36918,140.3841,20.44068
4.531036,1,-0.8327256,3.058299,0.165535,33.4304,104.8592,301.8935,1,-0.5948048,2.806263,0.3175683,73.3502,213.9035,105.0287
4.644812,0,0,0,0,0,0,0,1,-0.6332281,2.876613,0.267612,85.02973,276.3171,211.2467
4.75865,0,0,0,0,0,0,0,1,-0.5899034,2.876359,0.2256064,13.34878,244.0152,222.2862
4.872129,0,0,0,0,0,0,0,1,-0.6608333,2.866748,0.1853702,348.3649,195.6078,246.2655
4.983158,0,0,0,0,0,0,0,1,-0.6328074,2.906143,0.2008312,3.101398,176.6505,244.4328
5.09297,0,0,0,0,0,0,0,1,-0.612885,2.924386,0.1998556,13.72173,201.2177,253.2812
5.202393,0,0,0,0,0,0,0,0,0,0,0,0,0,0
5.311245,0,0,0,0,0,0,0,0,0,0,0,0,0,0
5.41807,0,0,0,0,0,0,0,0,0,0,0,0,0,0
5.525475,0,0,0,0,0,0,0,0,0,0,0,0,0,0
5.631487,0,0,0,0,0,0,0,1,-0.5743448,2.895237,0.1192658,323.8051,198.3915,15.46025
5.736786,0,0,0,0,0,0,0,0,0,0,0,0,0,0
5.843416,0,0,0,0,0,0,0,1,-0.5853613,2.823605,0.1348558,288.5049,200.3652,338.7197
5.947931,0,0,0,0,0,0,0,0,0,0,0,0,0,0
6.054434,0,0,0,0,0,0,0,0,0,0,0,0,0,0
6.162373,0,0,0,0,0,0,0,0,0,0,0,0,0,0
6.27235,0,0,0,0,0,0,0,0,0,0,0,0,0,0
6.377773,0,0,0,0,0,0,0,0,0,0,0,0,0,0
6.482553,0,0,0,0,0,0,0,0,0,0,0,0,0,0
6.585833,0,0,0,0,0,0,0,0,0,0,0,0,0,0
6.690912,0,0,0,0,0,0,0,1,-0.6209156,2.943186,-0.16471,354.551,84.39797,78.73959
6.796413,0,0,0,0,0,0,0,1,-0.694443,3.100161,-0.9585147,345.8416,137.9129,92.61365
6.901777,0,0,0,0,0,0,0,1,-0.6417556,3.019703,-0.7224021,357.3364,116.2534,92.84183
7.00831,0,0,0,0,0,0,0,1,-0.6186416,3.016718,-0.6948614,32.93981,129.3713,113.5673
7.11149,1,-1.050492,3.131369,-0.29592,298.5057,80.16499,165.9109,1,-0.6568327,3.000763,-0.7477548,16.47867,129.6105,85.24096
7.216835,1,-1.131076,3.247922,-0.4255779,302.9432,36.72233,229.6377,1,-0.6622875,2.964961,-0.7863908,19.10504,140.8695,67.31115
7.318729,1,-1.132683,3.252146,-0.3795936,303.5018,71.90656,200.9298,1,-0.6641505,2.96505,-0.7813653,20.53133,142.8944,60.77677
7.421585,1,-1.125096,3.2561,-0.2754408,322.9761,110.1164,162.3167,1,-0.642343,2.960165,-0.730112,27.73903,123.0368,42.68513
7.523115,1,-1.111052,3.280813,-0.2719875,305.6675,109.5962,156.8856,1,-0.5755938,2.93047,-0.6648142,31.72584,120.991,42.42192
7.624264,1,-1.125008,3.320383,-0.2809466,301.5346,105.5101,174.3663,1,-0.5626156,2.939455,-0.5922645,34.67729,118.659,38.66733
7.728651,1,-1.106169,3.37782,-0.2826236,310.4038,93.45724,193.9866,1,-0.5798368,2.963151,-0.5108421,41.17835,118.9052,41.21396
7.832043,1,-1.103339,3.389346,-0.2827936,315.6053,87.79202,192.7785,1,-0.5914853,2.978239,-0.4723371,44.73273,114.6318,38.13402
7.938381,1,-1.115153,3.442601,-0.2675279,322.112,93.26417,189.7147,1,-0.6179076,3.001359,-0.422211,54.81118,107.2504,35.49779
8.044395,0,0,0,0,0,0,0,1,-0.6401609,3.031249,-0.396082,60.74274,102.7477,34.8662
8.151125,0,0,0,0,0,0,0,1,-0.6819568,3.073922,-0.3512379,63.13531,93.11867,34.41454
8.257988,0,0,0,0,0,0,0,1,-0.7283013,3.126496,-0.3089773,77.6922,237.0522,179.2006
8.365883,0,0,0,0,0,0,0,1,-0.7204753,3.143764,-0.3254945,75.81825,295.0154,242.0825
8.473137,0,0,0,0,0,0,0,1,-0.6818063,3.137443,-0.336536,68.5321,321.8747,269.4084
8.579458,0,0,0,0,0,0,0,0,0,0,0,0,0,0
8.683224,0,0,0,0,0,0,0,0,0,0,0,0,0,0
8.785976,0,0,0,0,0,0,0,0,0,0,0,0,0,0
8.886358,0,0,0,0,0,0,0,0,0,0,0,0,0,0
8.987719,0,0,0,0,0,0,0,0,0,0,0,0,0,0
9.090704,0,0,0,0,0,0,0,0,0,0,0,0,0,0
9.191832,0,0,0,0,0,0,0,0,0,0,0,0,0,0
9.296272,0,0,0,0,0,0,0,0,0,0,0,0,0,0
9.406906,0,0,0,0,0,0,0,0,0,0,0,0,0,0
9.514561,0,0,0,0,0,0,0,0,0,0,0,0,0,0
9.623671,0,0,0,0,0,0,0,0,0,0,0,0,0,0
9.729544,0,0,0,0,0,0,0,0,0,0,0,0,0,0
9.839329,0,0,0,0,0,0,0,0,0,0,0,0,0,0
9.950628,0,0,0,0,0,0,0,0,0,0,0,0,0,0
10.0666,0,0,0,0,0,0,0,0,0,0,0,0,0,0
10.1866,0,0,0,0,0,0,0,0,0,0,0,0,0,0
10.30605,0,0,0,0,0,0,0,0,0,0,0,0,0,0
10.42605,0,0,0,0,0,0,0,0,0,0,0,0,0,0
10.54605,0,0,0,0,0,0,0,0,0,0,0,0,0,0
10.66605,0,0,0,0,0,0,0,1,-0.8970281,3.524925,-0.3049852,18.40513,259.9272,320.0655
10.78605,0,0,0,0,0,0,0,1,-0.8652938,3.532251,-0.2991008,32.59082,278.7216,320.0289
10.90605,0,0,0,0,0,0,0,1,-0.8850195,3.484782,-0.2601783,35.89233,283.9806,316.9343
11.02605,0,0,0,0,0,0,0,1,-0.9012768,3.442316,-0.2031935,33.6596,294.1591,320.6144
11.14605,0,0,0,0,0,0,0,1,-0.9222438,3.409746,-0.1527096,34.90253,304.4556,332.8581
11.26605,0,0,0,0,0,0,0,1,-0.9523485,3.336967,-0.05755086,37.42077,331.2491,6.575009
11.38605,0,0,0,0,0,0,0,1,-1.02365,3.243318,-0.001494125,18.5753,337.0408,16.63831
11.50605,0,0,0,0,0,0,0,1,-1.09297,3.133698,0.05702948,22.96524,352.5539,25.85625
11.62605,0,0,0,0,0,0,0,1,-1.121182,3.05797,0.08174906,13.40876,17.46351,47.83769
11.74605,0,0,0,0,0,0,0,1,-1.11676,3.054508,0.05184446,358.2351,16.34117,39.07837
11.86605,0,0,0,0,0,0,0,1,-0.8960021,3.488171,-0.2979989,1.747807,6.249812,285.2041
11.98605,0,0,0,0,0,0,0,0,0,0,0,0,0,0
12.10605,0,0,0,0,0,0,0,0,0,0,0,0,0,0
12.22605,0,0,0,0,0,0,0,0,0,0,0,0,0,0
12.34605,0,0,0,0,0,0,0,0,0,0,0,0,0,0
12.46605,0,0,0,0,0,0,0,0,0,0,0,0,0,0
12.58605,0,0,0,0,0,0,0,0,0,0,0,0,0,0
12.70605,0,0,0,0,0,0,0,0,0,0,0,0,0,0
12.82605,0,0,0,0,0,0,0,0,0,0,0,0,0,0
12.94605,1,-0.9396174,3.513988,-0.2781436,304.5488,193.7518,129.013,1,-0.5713566,3.234743,-0.35611,45.51736,55.21841,328.9112
13.06605,1,-0.9844401,3.189489,-0.3376373,306.0809,112.9193,212.3222,1,-0.4857475,3.077748,-0.3121401,310.1222,87.2087,6.030194
13.18605,1,0.2757961,2.624704,0.4277609,315.5691,318.6545,84.7422,1,-0.4583698,3.120112,-0.2947727,307.7773,70.94025,42.24308
13.30605,1,0.275768,2.62473,0.4277602,315.5698,318.6592,84.73263,1,-0.4685956,3.257883,-0.2341444,308.9324,84.12338,14.06187
13.42605,1,0.2757568,2.62474,0.4277599,315.5673,318.6583,84.73148,1,-0.4044463,3.357987,-0.1888573,340.4621,62.1841,54.28561
13.54605,1,0.2757551,2.624741,0.4277599,315.5667,318.6548,84.72595,1,-0.3078344,3.513488,-0.2582181,310.3951,129.6942,294.0532
13.66605,1,0.2757581,2.624739,0.42776,315.5618,318.6547,84.72198,1,-0.2511016,3.48807,-0.208513,326.4664,118.2175,14.67262
13.78605,1,0.2757687,2.624729,0.4277604,315.5656,318.6564,84.71534,1,-0.2612737,3.482316,-0.1997211,345.3299,112.4538,6.316799
13.90605,1,0.2757553,2.624741,0.4277599,315.5613,318.6581,84.71491,1,-0.2523383,3.461545,-0.2083932,346.6832,109.0121,351.1917
14.02605,1,0.2741393,2.622341,0.4305602,314.8261,318.8502,84.72051,1,-0.2587089,3.435612,-0.2157244,342.6162,103.3213,335.9672
14.14605,1,0.290393,2.607803,0.4411952,315.6426,319.0727,85.07426,1,-0.2671685,3.445064,-0.2122946,345.9521,103.6273,335.0199
14.26605,1,0.2901919,2.607745,0.4411269,315.7478,319.2491,85.06202,1,-0.293003,3.458321,-0.2238162,339.3588,108.7187,335.5702
14.38605,1,0.2816576,2.616924,0.4329133,314.5996,313.7782,85.70534,1,-0.2813485,3.459291,-0.2122957,345.4444,109.4731,346.6835
14.50605,1,-0.7383964,3.266955,0.3315763,20.33426,106.1275,149.4974,1,-0.2842443,3.461076,-0.2106724,339.2465,110.9195,340.4178
14.62605,1,-0.6397246,3.286318,0.3453555,311.6646,94.86878,167.6472,1,-0.2830268,3.459327,-0.211494,341.8419,108.2194,347.1526
14.74605,1,-0.4657948,3.309881,0.2783359,328.1792,152.2,141.5535,1,-0.2849168,3.461221,-0.2103469,340.2145,109.192,350.6461
14.86605,1,-0.3858274,3.246772,0.2175431,317.6099,171.9166,129.6874,1,-0.2785929,3.457082,-0.2144947,330.8013,111.6879,330.1732
14.98605,1,-0.4604591,3.260021,0.3009265,331.625,157.9786,122.5536,1,-0.2637441,3.455119,-0.2129285,336.0338,107.084,341.9914
15.10605,1,-0.4440057,3.298141,0.3500448,321.8911,152.7108,118.5197,1,-0.2674528,3.456946,-0.2135219,340.3522,104.5282,350.2574
15.22605,1,-0.4531956,3.281384,0.3893128,326.5074,166.9857,136.6573,1,-0.2794881,3.460999,-0.2123197,336.8645,106.7653,347.6701
15.34605,1,-0.4937454,3.253618,0.4926213,336.3522,161.9172,140.1536,1,-0.2773055,3.461455,-0.2136028,341.5624,105.7093,346.7339
15.46605,1,-0.4757878,3.250547,0.5007663,330.1439,159.4446,153.0391,1,-0.2942013,3.453961,-0.2135955,346.8216,106.2705,336.9488
15.58605,1,-0.6168222,3.279146,0.5147042,5.453503,145.5853,157.247,1,-0.3060933,3.449299,-0.2089061,359.5303,113.4058,336.8877
15.70605,1,-0.7453675,3.242283,0.612842,36.73682,76.3834,166.9986,1,-0.3423994,3.397613,-0.1619488,337.4177,133.4735,311.1516
15.82605,1,-0.8130035,3.22215,0.6420998,35.22618,82.99368,171.6197,1,-0.3393154,3.408338,-0.167838,334.8085,132.524,318.0237
15.94605,1,-0.7531514,3.208031,0.6551443,57.36116,122.0711,201.8224,1,-0.3385758,3.414529,-0.1689647,334.6406,131.2045,320.5729
16.06605,1,-0.7545314,3.220019,0.6550058,38.94084,115.1279,190.5026,1,-0.3387983,3.413593,-0.1683662,335.3258,131.5429,320.4657
16.18605,1,-0.7625976,3.210251,0.656297,41.19202,116.2689,187.5237,1,-0.3394949,3.411951,-0.1689898,337.158,130.7551,319.3036
16.30605,1,-0.7702441,3.199111,0.6687204,42.93923,114.5117,184.7626,1,-0.3322885,3.404986,-0.1716639,342.1724,121.6513,315.5926
16.42605,1,-0.7537928,3.203071,0.6564001,42.30216,113.2816,184.0736,1,-0.3276994,3.402359,-0.1778647,338.4067,120.1256,313.9262
16.54605,1,-0.7414179,3.207952,0.6356516,42.43996,111.9903,183.4293,1,-0.3277111,3.405815,-0.1760339,339.5204,117.0449,315.1779
16.66605,1,-0.7405104,3.211591,0.6398237,41.95319,113.0266,184.9727,1,-0.3253554,3.409132,-0.1783517,344.7559,112.0346,317.5168
16.78605,1,-0.7338305,3.219419,0.6321667,40.68281,104.8566,186.0252,1,-0.325475,3.406042,-0.1775926,344.174,113.4612,317.2284
16.90605,1,-0.7273362,3.224771,0.630597,33.60604,94.9581,187.0849,1,-0.2961788,3.27057,-0.1107202,346.3861,165.6391,273.5517
17.02605,1,-0.7314831,3.212856,0.6227889,29.93351,91.29567,173.7747,1,-0.3823397,3.1182,0.1047788,341.1809,115.5091,303.8371
17.14605,1,-0.7290142,3.207462,0.6270897,35.52213,93.5395,176.3392,1,-0.3458812,3.02124,0.1616,3.818485,108.7303,323.4862
17.26605,1,-0.7290292,3.206949,0.6202761,36.09412,93.26225,174.9659,1,-0.3566893,3.002078,0.1047475,39.66193,109.6427,3.00878
17.38605,1,-0.7302303,3.210184,0.6045746,32.70492,94.31537,172.0879,1,-0.3812471,3.025065,0.02370568,46.04186,129.952,30.19744
17.50605,1,-0.7354741,3.21352,0.6151586,33.70988,97.7224,174.1412,0,0,0,0,0,0,0
17.62605,1,-0.7398664,3.216619,0.6199242,38.50981,106.0567,179.1726,0,0,0,0,0,0,0
17.74605,1,-0.7402978,3.215267,0.6196309,40.93521,107.868,179.7999,0,0,0,0,0,0,0
17.86605,1,-0.7454098,3.212256,0.6172627,37.41675,107.0319,173.3313,0,0,0,0,0,0,0
17.98605,1,-0.7505863,3.211088,0.6163114,37.11741,109.6228,174.07,0,0,0,0,0,0,0
18.10605,1,-0.7498183,3.212227,0.6119989,35.8837,109.6901,173.3355,1,-0.4923034,3.207432,0.1450647,63.38965,31.93861,192.1174
18.22605,1,-0.7495397,3.207546,0.6130525,37.57219,112.5869,173.1089,1,-0.6221281,3.242957,-0.1911452,23.3796,87.77334,262.3525
18.34605,1,-0.7390428,3.209852,0.622876,36.58883,111.0856,183.6149,1,-0.6674391,3.228482,-0.1571899,38.38245,60.05842,293.201
18.46605,1,-0.7390595,3.211146,0.6235235,38.48077,110.9735,182.5224,1,-0.5081987,3.076509,-0.1143625,57.66266,75.64242,321.34
18.58605,1,-0.7415574,3.212794,0.6176941,41.2413,112.0037,181.2522,0,0,0,0,0,0,0
18.70605,1,-0.7431873,3.210872,0.6228505,41.2165,112.6938,183.816,1,-0.3275992,3.050292,0.1358662,63.00588,239.5825,136.3987
18.82605,1,-0.7444622,3.202226,0.6313803,40.92302,110.8992,182.4375,1,-0.282654,3.000271,0.2530745,56.45281,226.0128,178.6035
18.94605,1,-0.744555,3.20696,0.6263787,46.61855,116.1914,185.6284,1,-0.4005533,3.302746,0.2706364,34.05302,117.3912,27.89503
19.06605,1,-0.7474772,3.205122,0.6351343,44.06301,116.1927,185.76,1,-0.3718423,3.253288,0.27988,17.90482,76.86673,351.921
19.18605,1,-0.7648388,3.238809,0.5723768,331.7601,150.2487,130.6962,1,-0.3675538,3.27364,0.2825761,332.8631,121.5637,301.1803
19.30605,1,-0.7324025,3.356304,0.564045,331.2622,206.9678,94.41685,1,-0.4236353,3.289796,0.3119428,312.5078,138.8105,331.8483
19.42605,0,0,0,0,0,0,0,1,-0.3749718,3.265424,0.3122415,307.0237,151.6988,292.3975
19.54605,0,0,0,0,0,0,0,1,-0.3613734,3.258484,0.3010321,304.3207,149.8365,289.6066
19.66605,0,0,0,0,0,0,0,1,-0.3513786,3.24518,0.3066664,305.4445,145.8167,278.8339
19.78605,0,0,0,0,0,0,0,1,-0.3518586,3.197415,0.2987375,313.9181,147.6232,273.3157
19.90605,0,0,0,0,0,0,0,1,-0.3200891,3.178446,0.3003733,313.9813,144.7866,258.7017
20.02605,0,0,0,0,0,0,0,1,-0.3375108,3.235432,0.291958,283.3102,132.3738,292.3097
20.14605,0,0,0,0,0,0,0,1,-0.3143975,3.236956,0.2792726,292.9717,113.7363,297.6611
20.26605,0,0,0,0,0,0,0,1,-0.3135535,3.22264,0.2860955,290.7343,128.7198,273.6204
20.38605,0,0,0,0,0,0,0,0,0,0,0,0,0,0
20.50605,0,0,0,0,0,0,0,0,0,0,0,0,0,0
20.62605,0,0,0,0,0,0,0,0,0,0,0,0,0,0
20.74605,0,0,0,0,0,0,0,0,0,0,0,0,0,0
20.86605,0,0,0,0,0,0,0,0,0,0,0,0,0,0
20.98605,0,0,0,0,0,0,0,0,0,0,0,0,0,0
21.10605,0,0,0,0,0,0,0,0,0,0,0,0,0,0
21.22605,1,-0.302321,2.745933,0.441871,329.4572,142.9462,105.5526,0,0,0,0,0,0,0
21.34605,0,0,0,0,0,0,0,0,0,0,0,0,0,0
21.46605,0,0,0,0,0,0,0,0,0,0,0,0,0,0
21.58605,0,0,0,0,0,0,0,0,0,0,0,0,0,0
21.70605,0,0,0,0,0,0,0,0,0,0,0,0,0,0
21.82605,0,0,0,0,0,0,0,1,0.02582218,2.843956,0.3044276,37.55516,19.94356,232.1487
21.94605,0,0,0,0,0,0,0,0,0,0,0,0,0,0
22.06605,0,0,0,0,0,0,0,0,0,0,0,0,0,0
22.18605,0,0,0,0,0,0,0,0,0,0,0,0,0,0
22.30605,0,0,0,0,0,0,0,0,0,0,0,0,0,0
22.42605,0,0,0,0,0,0,0,0,0,0,0,0,0,0
22.54605,0,0,0,0,0,0,0,0,0,0,0,0,0,0
22.66605,0,0,0,0,0,0,0,1,0.5200886,3.19581,0.1943368,21.18579,15.40611,294.2601
22.78605,0,0,0,0,0,0,0,1,0.08012684,2.976087,0.3546919,359.6552,72.23493,321.3713
22.90605,0,0,0,0,0,0,0,1,0.1069279,2.970232,0.389617,21.07515,76.66631,321.1924
23.02605,0,0,0,0,0,0,0,1,0.1364804,2.965066,0.4408028,34.69999,84.23161,335.8428
23.14605,0,0,0,0,0,0,0,1,0.1363594,2.949048,0.4420976,26.22911,83.02155,324.6639
23.26605,0,0,0,0,0,0,0,1,0.1408436,2.948988,0.4292327,28.19938,78.35809,322.3244
23.38605,0,0,0,0,0,0,0,1,0.1712182,2.908841,0.4044843,48.08344,65.20567,326.7562
23.50605,0,0,0,0,0,0,0,1,0.09727824,2.914799,0.2572798,47.57057,51.2745,274.7642
23.62605,0,0,0,0,0,0,0,1,-0.02835798,2.9838,0.1138576,32.73707,328.3804,300.8159
23.74605,0,0,0,0,0,0,0,1,-0.02603129,3.037551,0.06888617,45.36285,289.7167,299.9737
23.86605,0,0,0,0,0,0,0,1,-0.01259498,3.020357,0.1023886,37.01672,319.594,325.4505
23.98605,1,-0.3132887,3.039979,0.3199118,287.1145,195.5777,26.99448,1,0.003833562,3.046,0.1290707,43.56248,321.2296,285.7992
24.10605,1,-0.3016167,3.053238,0.2739224,285.1094,215.5448,355.2596,1,-0.02196009,3.091489,0.1484539,45.75655,326.1919,289.9817
24.22605,1,-0.25731,3.008178,0.2000743,294.2162,161.7749,78.87099,1,-0.0674198,3.124889,0.1576779,47.39203,324.0779,274.8549
24.34605,1,-0.1637744,3.020983,-0.007546172,340.5447,212.2478,19.95117,1,-0.07578157,3.099176,0.1720272,40.22962,311.5454,263.5157
24.46605,1,-0.2656974,3.035785,0.03838202,338.8951,195.7143,46.88817,1,-0.09253988,3.111373,0.1335614,34.04071,321.9381,274.9123
24.58605,1,-0.2859655,3.129139,0.04421022,332.344,146.1869,41.57468,1,-0.1108409,3.084765,0.105963,12.3787,338.6667,300.7057
24.70605,0,0,0,0,0,0,0,1,-0.1184646,3.067177,0.1101321,24.78365,321.5528,311.6478
24.82605,0,0,0,0,0,0,0,1,-0.123774,2.961264,0.1914085,32.03329,3.884031,328.7021
24.94605,0,0,0,0,0,0,0,1,0.08225036,2.93291,0.1859411,25.15717,3.931684,341.6954
25.06605,0,0,0,0,0,0,0,1,0.1757086,2.879657,0.1898831,60.81137,38.08524,351.2497
25.18605,0,0,0,0,0,0,0,1,0.1911502,2.838546,0.1648282,78.88516,5.279223,315.4779
25.30605,1,-0.5397697,3.197163,0.07305271,331.0395,174.0417,12.69847,1,0.1794323,2.846458,0.170414,81.68546,15.65114,327.8022
25.42605,1,-0.4396102,3.058804,0.09369118,290.616,103.7257,59.23212,1,0.2129811,2.958291,0.1617557,41.90061,5.89479,282.3909
25.54605,1,-0.4308471,3.055487,0.1200729,326.3972,145.5773,24.94306,1,0.2668059,3.010664,0.1217561,19.87664,8.825295,281.8412
25.66605,1,-0.1988816,3.029356,0.09044645,21.77927,135.7106,40.66697,0,0,0,0,0,0,0
25.78605,1,-0.1762204,3.106749,0.05651299,20.93001,159.458,101.7825,0,0,0,0,0,0,0
25.90605,0,0,0,0,0,0,0,0,0,0,0,0,0,0
26.02605,0,0,0,0,0,0,0,0,0,0,0,0,0,0
26.14605,0,0,0,0,0,0,0,0,0,0,0,0,0,0
26.26605,0,0,0,0,0,0,0,0,0,0,0,0,0,0
26.38605,0,0,0,0,0,0,0,0,0,0,0,0,0,0
26.50605,0,0,0,0,0,0,0,0,0,0,0,0,0,0
26.62605,1,-0.1349739,3.077224,0.3390672,317.1107,104.3524,154.1212,1,0.2122247,2.95797,0.3189868,34.55257,42.27003,305.0867
26.74605,1,-0.08889587,3.049791,0.4432296,353.8446,94.20066,165.2864,1,0.1324683,2.927536,0.4597021,11.75607,76.72269,323.405
26.86605,1,-0.1135153,3.023276,0.4314956,358.1799,101.7957,147.696,1,0.1373137,2.913325,0.4492182,24.23449,70.6816,311.91
26.98605,1,-0.2185851,2.983276,0.4124213,348.3544,109.1005,146.9131,1,0.1607559,2.925927,0.4381288,22.62792,67.56264,325.1019
27.10605,1,-0.2255159,2.853841,0.3942435,303.2316,100.3653,141.7655,1,0.1617737,2.854431,0.3808082,46.11317,57.73332,313.4446
27.22605,1,-0.1826614,2.799181,0.3658162,290.8671,83.99361,152.622,1,0.09556732,2.811663,0.3600224,74.30626,108.5828,348.1425
27.34605,1,-0.1972202,2.823526,0.3586843,284.8245,82.45664,162.1958,1,0.1181472,2.81808,0.369126,58.88476,81.73521,323.8444
27.46605,1,-0.1739215,2.79875,0.349711,297.6271,85.43307,151.5901,1,0.1212349,2.816154,0.3794416,59.23362,79.28305,321.0589
27.58605,1,-0.1772981,2.786866,0.3469799,325.5963,74.28228,156.6144,1,0.1465925,2.842071,0.4010183,52.23999,70.51199,315.2625
27.70605,1,-0.1079206,2.787255,0.269195,297.3486,318.8275,299.9254,1,0.1732983,2.913664,0.4357082,28.47668,59.43451,315.2594
27.82605,1,-0.1176369,2.788538,0.2905897,308.5012,42.70617,254.2643,1,0.07779022,3.02256,0.4702887,6.167644,71.60378,322.6653
27.94605,1,-0.1195201,2.935584,0.2220862,327.3876,162.7076,87.98712,1,-0.07821858,3.048238,0.4469083,346.5842,77.63538,334.1209
28.06605,1,-0.1511736,2.962897,0.241453,342.1014,156.0358,84.64561,1,-0.1373964,2.939026,0.435797,325.6589,69.53233,330.6787
28.18605,1,-0.1646855,2.917163,0.242993,341.6871,148.7961,102.9783,1,-0.1368555,2.841017,0.4499519,328.9481,69.3749,322.4449
28.30605,1,-0.1940361,2.864878,0.2331614,337.4284,147.9523,103.1271,1,0.04819381,2.734655,0.2996424,349.5382,31.66204,336.74
28.42605,1,-0.1938755,2.861211,0.2167581,334.4147,147.9986,103.2686,1,0.002238072,2.767575,0.361469,325.8578,39.52121,333.3463
28.54605,1,-0.1954934,2.862121,0.2097673,340.1772,151.7472,93.05053,1,-0.1136166,2.864762,0.4128529,326.1171,56.37994,322.2014
28.66605,1,-0.2077437,2.860957,0.2154006,337.9607,143.5804,95.34464,1,-0.06951654,3.013876,0.4436109,337.5115,68.02177,317.9242
28.78605,1,-0.2026598,2.828792,0.2261245,335.6536,141.248,103.004,1,0.06373249,3.035866,0.4219106,353.7311,85.7932,332.1919
28.90605,1,-0.20492,2.800285,0.2270593,336.2864,140.0115,111.5523,1,0.1714396,2.905985,0.400773,351.5404,90.79494,317.2398
29.02605,1,-0.2161896,2.789808,0.2327168,338.0889,137.6439,114.6875,1,0.1388002,2.804658,0.3715782,349.5814,85.82714,318.2703
29.14605,1,-0.2223125,2.780532,0.2269792,332.5427,134.3226,117.6842,1,0.1036819,2.817081,0.3399355,11.56393,83.88794,325.7965
29.26605,1,-0.2418879,2.779854,0.2157693,329.6769,118.4587,136.5864,1,0.09385512,2.813197,0.3082232,4.021539,77.86205,336.3968
29.38605,1,-0.2154332,2.778525,0.2356964,324.4093,125.4673,122.0806,1,0.1071575,2.765688,0.3461277,350.0462,69.1229,327.1156
29.50605,1,-0.2159317,2.778595,0.2392403,325.3991,128.6107,122.9418,1,0.1101729,2.77307,0.351542,354.5221,71.52805,327.8238
29.62605,1,-0.1868683,2.800066,0.2844901,323.5081,94.34204,150.4215,1,0.1066349,2.791467,0.3428572,8.993013,69.03551,321.2235
29.74605,1,-0.1284716,2.866117,0.3806337,293.8806,43.02314,206.0679,1,0.1133,2.780746,0.344733,12.16956,55.27657,325.0928
29.86605,1,-0.134174,2.839632,0.3834959,292.5889,103.4649,123.9779,1,0.1063583,2.764934,0.3446778,12.41974,57.70337,323.2969
29.98605,1,-0.1639761,2.866393,0.3847405,301.5412,99.58039,134.9068,1,0.1041564,2.755582,0.3446683,22.61094,57.33981,308.0735
30.10605,1,-0.1664705,2.873214,0.3825788,311.0879,91.27367,145.5288,1,0.1167617,2.757845,0.3317285,31.52615,62.19803,307.0509
30.22605,1,-0.175142,2.862642,0.3753553,317.0826,89.20654,148.3434,1,0.1461735,2.771922,0.3271265,43.76618,56.67363,298.7439
30.34605,1,-0.1733089,2.860594,0.3746297,316.9617,90.58998,146.0972,1,0.1583261,2.764067,0.3228889,54.6855,55.7555,300.4996
30.46605,1,-0.1793815,2.855406,0.3769163,319.695,91.25555,146.8541,1,0.153051,2.750579,0.3197399,56.24648,52.41139,300.0293
30.58605,1,-0.178133,2.857086,0.3761939,318.3053,91.32736,147.3734,1,0.1532434,2.753232,0.3205355,57.61015,50.48235,297.5189
30.70605,1,-0.1766685,2.857376,0.3730131,317.5004,91.28876,147.6599,1,0.1498704,2.755833,0.3198389,57.34946,52.12514,299.695
30.82605,1,-0.1767302,2.854575,0.3756511,317.2015,91.27499,148.0399,1,0.1475874,2.758569,0.3233621,57.58043,53.5211,303.9329
30.94605,1,-0.1744873,2.853834,0.3847874,317.0062,91.69142,147.4344,1,0.147861,2.75857,0.3378285,58.71194,49.392,302.6425
31.06605,1,-0.1739143,2.852464,0.4064641,317.4969,92.1524,146.4303,1,0.1477152,2.760343,0.3658697,63.20537,39.32288,297.3992
31.18605,1,-0.1732162,2.839351,0.4413777,317.2453,92.53538,144.5765,1,0.1463773,2.757951,0.4042201,59.85651,50.39399,307.9805
31.30605,1,-0.1713735,2.833141,0.4824559,316.6935,93.73315,143.1349,1,0.1471725,2.759274,0.446161,59.40395,51.39577,308.8163
31.42605,1,-0.1701367,2.835773,0.535113,314.7653,92.95866,144.4774,1,0.1455344,2.766376,0.4989174,61.80114,62.77061,319.9383
31.54605,1,-0.1714205,2.83383,0.5977309,314.3887,94.42387,144.4819,1,0.1479394,2.766504,0.5626137,60.41639,64.40466,323.6568
31.66605,1,-0.1723194,2.833102,0.6778569,313.9463,92.87789,146.9219,1,0.1490187,2.767468,0.6462255,59.33857,68.28866,327.2879
31.78605,1,-0.1728206,2.833378,0.7724429,313.175,92.24612,148.8618,1,0.1509856,2.770484,0.7422622,58.62804,69.61358,328.3689
31.90605,1,-0.1730852,2.831979,0.8833173,312.089,91.65526,150.6924,1,0.1527735,2.777093,0.8527097,58.82871,74.94485,333.4731
32.02605,1,-0.173562,2.826105,1.009253,313.5017,92.87424,149.4801,1,0.1540274,2.773839,0.9795356,58.7722,72.05373,330.9094
32.14605,1,-0.1707436,2.82496,1.152198,313.1395,92.76492,149.6596,1,0.1545579,2.780787,1.120925,59.08433,73.61749,331.9308
32.26605,1,-0.1686611,2.820077,1.320411,313.1456,92.84116,149.7001,1,0.1557406,2.781251,1.287821,58.85849,75.03988,333.2359
32.38605,1,-0.1691698,2.819214,1.50911,313.3175,92.82226,150.8474,1,0.155162,2.783969,1.475666,58.76586,76.21535,334.1211
32.50605,1,-0.1663213,2.813688,1.725095,313.3973,91.88913,151.4859,1,0.1592913,2.783944,1.693681,59.01285,75.99367,333.8804
32.62605,1,-0.1657598,2.812198,1.97106,313.127,91.10034,153.0543,1,0.1611659,2.783559,1.939532,59.13973,76.46207,333.928
32.74605,1,-0.1636866,2.812112,2.247216,312.8816,90.16158,153.9011,1,0.1627202,2.782833,2.212001,58.67271,75.74509,333.1488
32.86605,1,-0.1642461,2.838078,2.557131,311.4525,89.53823,154.6812,1,0.1613642,2.772091,2.517515,61.6636,73.1091,331.6986
32.98605,1,-0.1616934,2.862956,2.902363,315.1675,92.00649,150.0058,1,0.1565994,2.780356,2.848055,72.55811,85.77023,348.2517
33.10605,1,-0.1587034,2.874574,3.295705,335.1019,85.72063,151.1066,1,0.1531795,2.793527,3.212806,65.7296,100.6686,5.53589
33.22605,1,-0.1537255,2.890852,3.718433,337.9722,89.20815,149.4001,1,0.1604508,2.786957,3.644763,62.0347,105.9781,9.839358
33.34605,1,-0.143547,2.902434,4.18947,338.7353,89.84257,151.558,1,0.1785277,2.778496,4.111127,65.78178,106.1779,11.35024
33.46605,1,-0.1284304,2.931747,4.712217,344.5003,91.47282,151.5886,1,0.2188932,2.768598,4.627898,80.67384,218.4025,126.6581
33.58605,1,-0.09606067,2.960315,5.276019,351.2965,93.02975,151.0681,1,0.2327051,2.779248,5.16863,82.64085,172.3861,78.46005
33.70605,1,-0.06735372,2.95514,5.886241,351.1557,89.21664,153.8869,1,0.2550972,2.787158,5.761821,80.6586,144.3951,50.0378
33.82605,1,-0.05363262,2.926931,6.524819,350.8507,92.30615,151.0332,1,0.2837555,2.783226,6.413565,80.60139,146.0555,50.45804
33.94605,1,-0.02227594,2.89078,7.210425,349.9278,96.81922,143.775,1,0.3215796,2.784317,7.112872,80.1074,144.1295,47.57344
34.06605,1,0.02478395,2.842847,7.952763,12.35635,84.52082,143.5895,1,0.367197,2.795347,7.860861,79.77126,152.6986,50.84238
34.18605,1,0.09911954,2.811198,8.714698,359.4532,87.60986,156.758,1,0.4280392,2.823641,8.681557,81.5899,123.1227,17.55058
34.30605,1,0.1649986,2.788846,9.53629,2.877203,92.59015,164.1455,1,0.4252315,2.924381,9.590522,81.10481,176.1695,58.6675
34.42605,1,0.2698287,2.794465,10.39642,15.21743,94.41674,170.9153,1,0.4730592,2.942926,10.54422,57.30639,119.3569,325.8498
34.54605,1,0.3646058,2.862554,11.34623,334.7612,119.8631,153.833,1,0.5697966,2.942905,11.56097,39.30263,91.85603,310.2121
34.66605,1,0.4357449,2.929178,12.33911,331.4377,136.1288,134.4588,1,0.6590644,2.975888,12.61487,4.567509,71.12869,312.2461
34.78605,1,0.5277276,2.934963,13.43349,338.9839,138.7777,123.5687,1,0.6770453,2.996917,13.72748,346.5654,57.82949,322.3073
34.90605,1,0.5934161,2.936022,14.57865,342.6014,141.9178,120.8768,1,0.6696824,2.974884,14.8485,338.4341,68.19872,328.4574
35.02605,1,0.618475,2.916734,15.79018,340.0369,138.9391,121.6176,1,0.7410468,2.996547,16.06861,346.7034,69.85072,325.5302
35.14605,1,0.6166389,2.904264,17.0715,330.5417,137.5471,128.7822,1,0.7903321,3.029528,17.3431,355.1869,64.79507,335.6715
35.26605,1,0.5579497,2.880653,18.43932,332.6359,93.73972,182.3179,1,0.7760928,3.014608,18.66491,26.6831,93.26027,338.6736
35.38605,1,0.4670839,2.871524,19.81898,353.4101,83.54175,203.0341,1,0.7859557,2.883776,20.01814,26.68066,93.35644,335.9133
35.50605,1,0.3574112,2.790727,21.28411,1.121037,100.7572,132.8445,1,0.6608965,2.840574,21.4102,43.33017,83.41873,344.2617
35.62605,1,0.1441308,2.785993,22.84792,2.685508,82.61891,166.03,1,0.4777317,2.819411,22.87567,50.66713,123.2067,50.16088
35.74605,1,-0.02317311,2.831574,24.41232,8.799297,87.078,157.7188,1,0.3750406,2.817999,24.40604,48.62778,96.7523,16.18202
35.86605,1,-0.156789,2.86289,26.0695,20.27149,88.02206,148.154,1,0.2995637,2.800119,26.00904,56.57045,92.47899,356.7078
35.98605,1,-0.2373351,2.983057,27.78703,42.83596,98.02565,154.3431,1,0.2320628,2.778299,27.6595,48.83438,79.35519,334.2961
36.10605,1,-0.2495114,2.943768,29.52659,35.24327,101.6721,153.6021,1,0.2120136,2.775233,29.38693,43.21821,76.64127,330.3761
36.22605,1,-0.2162066,2.860954,31.29579,27.58221,96.49163,153.1045,1,0.2517946,2.764573,31.18023,45.39531,81.95142,332.8012
36.34605,1,-0.06112406,2.83844,33.12706,14.95658,96.1913,154.9496,1,0.3724705,2.747503,33.01982,46.94812,81.47626,331.3072
36.46605,1,0.2007031,2.803104,34.97672,20.89512,98.72687,164.2244,1,0.5797613,2.757981,34.91254,46.46477,82.91084,331.3441
36.58605,1,0.5235252,2.764615,36.90984,352.5695,131.7724,159.6253,1,0.8583236,2.755279,36.85596,44.97504,84.4793,330.7181
36.70605,1,0.9321432,2.82078,38.95209,336.5693,142.6564,164.2287,1,1.176629,2.753491,38.86271,44.78973,85.25815,331.1181
36.82605,1,1.305363,2.864239,41.04733,323.8277,147.0554,158.2797,1,1.500355,2.749439,40.93134,44.39972,84.10496,330.8482
36.94605,1,1.636367,2.936862,43.18813,282.3236,139.9445,163.9616,1,1.771684,2.750008,43.07418,44.98738,77.41729,330.5246
37.06605,1,1.817191,2.981448,45.41302,296.8233,120.4201,145.3057,1,1.982934,2.744587,45.26587,40.19364,72.7123,332.6898
37.18605,1,1.862868,2.983009,47.72238,300.018,102.5227,151.4068,1,2.048325,2.748177,47.54779,43.70447,69.67709,331.7145
37.30605,1,1.74189,2.896958,49.99432,4.144887,127.0251,176.2531,1,1.914159,2.747935,49.88451,47.51195,63.2495,326.647
37.42605,1,1.300356,2.75054,52.28023,40.20696,124.7374,172.481,1,1.548313,3.029618,52.15533,13.89646,19.69167,245.5965
37.54605,1,0.5007033,2.799806,54.56721,12.028,93.41994,174.5611,1,1.017833,3.106174,54.39971,312.3516,44.98893,258.663
37.66605,1,-0.270981,2.876415,56.99242,41.88593,110.7591,171.7556,1,0.3126285,3.301478,56.96726,289.425,93.40031,204.2652
37.78605,1,-1.077551,3.052468,59.54424,60.68512,98.85354,115.3856,1,-0.448025,3.134538,59.31068,302.4361,61.46572,265.5974
37.90605,1,-1.663912,3.127733,62.13144,336.0588,142.1931,159.0439,1,-1.339387,2.967516,61.79715,346.3126,3.542124,295.9971
38.02605,1,-2.172369,2.981973,64.59803,47.36362,100.5292,168.8619,1,-2.123261,3.088985,64.3396,334.1898,36.54512,257.8318
38.14605,1,-2.879388,2.733518,67.01268,35.43001,163.9298,149.1167,1,-2.55402,3.026159,66.83143,350.6256,46.33339,273.4341
38.26605,1,-3.174465,2.790783,69.57838,14.5709,157.4279,186.6042,1,-2.84278,2.84569,69.36576,25.55949,54.36219,291.614
38.38605,1,-3.071654,2.794905,72.14917,24.20478,168.5722,179.3583,1,-2.781588,2.741565,71.90297,30.37883,71.13914,318.1775
38.50605,1,-2.446809,2.973539,74.6027,31.88215,155.8123,160.5587,1,-2.335202,2.712554,74.31441,20.5766,81.76302,328.2786
38.62605,1,-1.681802,3.062802,76.98589,10.66879,121.2688,143.4331,1,-1.529477,2.758407,76.61543,28.15723,95.25724,336.2319
38.74605,1,-0.7925654,2.958786,79.28539,350.6773,113.7082,143.2694,1,-0.4797706,2.83892,78.90285,39.41886,104.9227,338.3634
38.86605,1,0.4410568,2.675641,81.15137,325.4605,103.8715,185.7777,1,0.7630716,3.04645,81.13483,50.05458,114.9189,346.0576
38.98605,1,1.891794,2.975868,82.98162,339.9489,163.3042,124.8476,1,2.091855,3.009341,83.17288,334.9747,77.74745,321.7591
39.10605,1,3.246183,3.091086,85.00999,7.130349,159.1379,105.418,1,3.299952,3.014074,85.07488,327.9929,78.48949,357.7238
39.22605,1,4.502636,2.976142,87.02292,11.04304,127.4978,154.1468,1,4.545736,2.858247,86.79632,298.1801,32.60309,14.78483
39.34605,1,5.49664,2.845858,88.95478,314.623,117.6609,152.1454,1,5.699601,2.833581,88.78641,22.89291,54.35255,350.7928
39.46605,1,6.37747,2.726899,90.89467,294.3855,73.53288,192.0549,1,6.607823,2.987293,90.7228,357.4064,52.99146,289.5117
39.58605,1,6.982907,2.797627,92.97186,305.7877,325.3116,306.4962,1,7.221522,3.127929,92.73911,337.0211,76.96706,257.3323
39.70605,1,7.209561,2.821875,95.10677,288.3132,359.0902,250.5593,0,0,0,0,0,0,0
39.82605,1,7.091967,2.83811,97.21082,283.2596,52.33327,188.6214,0,0,0,0,0,0,0
39.94605,1,6.696904,2.869178,99.24318,292.2461,65.90596,162.4453,1,7.188896,3.125479,99.17365,359.9547,77.62495,264.1612
40.06605,1,6.012116,3.006479,101.1745,354.0387,78.7941,154.2294,0,0,0,0,0,0,0
40.18605,1,5.231383,3.040454,103.0743,17.45082,66.78692,154.2174,1,5.608292,2.910805,102.9304,0.1755822,32.89646,266.2695
40.30605,1,4.25935,2.930002,104.7452,35.81187,83.86118,153.5797,1,4.611129,2.818589,104.666,17.14264,31.15433,294.2399
40.42605,1,3.140043,2.802584,106.1975,26.34339,112.2811,170.9369,1,3.473932,2.810141,106.2237,17.94436,30.03835,299.9785
40.54605,1,1.91277,2.740974,107.4167,21.93641,106.604,175.2314,1,2.34045,2.758006,107.5779,27.93644,33.84491,319.2959
40.66605,1,0.8255832,2.854972,108.5722,19.32584,59.20773,157.1983,1,1.305264,2.748824,108.7735,34.07261,37.50373,338.0513
40.78605,1,-0.1461865,3.022235,109.7525,17.91698,60.34322,132.5907,1,0.3666576,2.738473,109.8186,37.65755,36.59521,336.6895
40.90605,1,-0.6395804,3.006838,110.7892,48.06084,107.2753,182.7641,1,-0.4300787,2.745797,110.7151,42.08551,30.06168,334.7593
41.02605,1,-1.336287,2.678637,111.3799,19.202,124.0881,178.9455,1,-1.044841,2.740234,111.4833,39.95401,29.96331,336.5123
41.14605,1,-2.009967,2.807759,111.9355,16.32834,73.80898,174.3522,1,-1.5091,2.732547,112.1281,47.4861,34.60557,334.7822
41.26605,1,-2.365721,2.866136,112.464,34.67542,97.81635,184.1166,1,-1.855903,2.735736,112.6225,48.95416,39.82605,335.3729
41.38605,1,-2.679131,2.982035,112.9065,55.86638,87.87276,151.4734,1,-2.080556,2.742078,112.9825,52.16826,44.19016,338.9597
41.50605,1,-2.740473,3.057661,113.2739,33.30708,83.96512,139.1626,1,-2.224421,2.74566,113.2146,55.96619,48.29015,340.4642
41.62605,1,-2.573065,3.013318,113.4021,16.92863,88.75646,162.6331,1,-2.300678,2.74528,113.324,52.83319,46.99409,338.6111
41.74605,1,-2.59684,2.88804,113.421,26.2163,96.99831,149.3811,1,-2.30175,2.739691,113.3276,47.61386,44.20504,339.2453
41.86605,1,-2.611687,2.914759,113.4153,27.42541,94.566,152.9878,1,-2.29976,2.734929,113.3292,49.33924,46.31295,341.0374
41.98605,1,-2.598655,2.92411,113.4114,35.17747,87.37978,149.3015,1,-2.302814,2.73988,113.3314,48.55714,53.88761,346.6469
42.10605,1,-2.596861,2.926483,113.4143,35.48949,86.24631,149.9108,1,-2.301519,2.737212,113.3356,43.03445,59.73336,349.7599
42.22605,1,-2.616678,2.962796,113.4164,35.92546,74.75272,139.8825,1,-2.298639,2.731312,113.3419,26.82325,74.53367,4.518704
42.34605,1,-2.667113,2.997354,113.4114,20.8378,76.24277,145.2506,1,-2.299258,2.729074,113.3502,31.4868,72.88737,4.216747
42.46605,1,-2.662796,2.991354,113.4173,22.74853,74.94841,146.0775,1,-2.308466,2.730795,113.3601,31.77386,74.54753,5.359111
42.58605,1,-2.643856,2.979805,113.442,24.59746,76.99981,146.1238,1,-2.320597,2.731431,113.3807,30.75845,74.81357,6.555103
42.70605,1,-2.671383,2.958186,113.4873,26.77187,81.255,145.3924,1,-2.339029,2.730813,113.4137,29.22693,75.92382,7.986397
42.82605,1,-2.698771,2.965495,113.5357,27.9276,80.84795,145.0224,1,-2.365365,2.730145,113.4632,29.05532,76.48547,8.200257
42.94605,1,-2.731569,2.965405,113.607,27.5736,81.13493,144.2178,1,-2.400313,2.730042,113.5313,29.07131,77.08181,8.406452
43.06605,1,-2.774425,2.9647,113.7027,27.42669,81.88375,144.2553,1,-2.445572,2.729522,113.6207,28.96812,77.89092,8.535598
43.18605,1,-2.828707,2.964036,113.8232,28.05944,83.84351,144.0655,1,-2.501008,2.728788,113.7358,28.66555,78.76147,8.526808
43.30605,1,-2.880445,2.960076,113.9681,31.60015,87.37782,145.6701,1,-2.565241,2.728608,113.8756,28.88765,79.81848,8.506207
43.42605,1,-2.950722,2.959983,114.1396,32.63319,88.21224,145.1941,1,-2.637522,2.729431,114.0385,29.15981,81.65721,8.870556
43.54605,1,-3.024201,2.956846,114.339,32.59719,90.24447,145.1625,1,-2.715454,2.729179,114.2276,29.10596,83.36105,8.991035
43.66605,1,-3.101433,2.958398,114.5616,32.49943,93.83909,146.7634,1,-2.796319,2.729675,114.4411,29.17487,85.18328,9.041138
43.78605,1,-3.179872,2.961045,114.8103,31.87169,97.12115,147.5285,1,-2.879171,2.729651,114.6819,29.1762,87.065,8.954379
43.90605,1,-3.252924,2.962028,115.091,33.36193,98.86637,148.5527,1,-2.962656,2.730205,114.9508,28.99919,89.38819,9.101035
44.02605,1,-3.325477,2.96275,115.3999,35.21273,100.5341,148.642,1,-3.039234,2.722089,115.2551,28.02538,91.35929,9.01697
44.14605,1,-3.391893,2.962903,115.7386,35.39117,102.8514,148.6383,1,-3.110283,2.712296,115.5856,26.99441,92.83921,7.285175
44.26605,1,-3.44961,2.967063,116.1052,34.11929,104.7608,149.5871,1,-3.170562,2.711228,115.9408,26.99835,94.64462,6.36906
44.38605,1,-3.495346,2.970238,116.5046,34.35011,107.7655,149.017,1,-3.21916,2.707976,116.3268,26.66986,96.97507,5.72095
44.50605,1,-3.531715,2.98702,116.9268,26.11177,104.8143,147.6091,1,-3.250544,2.708595,116.7389,25.95163,99.64334,5.652662
44.62605,1,-3.591625,3.00625,117.3896,12.86823,104.4733,142.1779,1,-3.260679,2.710011,117.1776,26.27185,102.7544,5.550089
44.74606,1,-3.608244,3.004681,117.8643,357.0577,95.70115,140.9012,1,-3.242994,2.707934,117.6466,26.89456,105.0406,4.998231
44.86605,1,-3.638089,2.956951,118.3702,357.2376,89.70469,135.9582,1,-3.201956,2.709853,118.1415,28.43377,107.1674,2.600045
44.98605,1,-3.615783,2.838786,118.8634,330.3083,101.4495,144.6331,1,-3.183389,2.798222,118.6919,39.37782,89.46672,341.4572
45.10606,1,-3.421382,2.734753,119.3604,319.9751,70.57513,197.2133,1,-3.189992,2.984847,119.3713,73.55735,56.50758,316.6845
45.22605,1,-3.248568,2.898824,119.8845,308.0508,129.3683,198.5042,1,-3.091207,2.996411,120.0467,0.6481407,95.78561,321.5458
45.34605,1,-2.985519,3.070892,120.5023,4.23447,178.6446,103.1679,1,-2.987224,2.979292,120.694,334.9128,53.93641,336.6119
45.46605,1,-2.725497,3.061908,121.3305,24.29075,134.3129,164.139,1,-2.788081,2.904046,121.1601,62.96649,355.543,283.6075
45.58605,1,-2.672927,2.966506,121.9624,342.2949,98.52847,134.1629,1,-2.433482,2.789436,121.7827,336.0285,44.42844,10.06302
45.70605,1,-2.455909,2.763017,122.5812,335.4198,109.4343,132.6421,1,-2.039206,2.858608,122.3728,35.04649,91.27347,305.194
45.82605,1,-2.120183,2.715203,123.1202,352.9138,129.1308,193.4354,1,-1.928536,3.076157,123.2956,41.14291,121.5829,346.6352
45.94605,1,-1.750596,3.085322,123.7875,349.048,163.8217,106.7725,1,-1.785907,3.011645,124.0893,341.8344,59.79166,338.4433
46.06606,1,-1.529868,3.040037,124.8177,340.7403,166.1319,127.4557,0,0,0,0,0,0,0
46.18605,1,-1.370238,2.862465,125.6349,8.725827,99.76785,152.0931,1,-1.199694,2.827542,125.4702,326.8865,24.84058,12.18735
46.30605,1,-1.164918,2.777529,126.3067,329.9343,99.18971,150.4262,1,-0.8677197,2.854306,126.2432,356.4503,38.69411,312.1871
46.42606,1,-0.9718218,2.74626,127.1593,344.421,96.97961,156.9688,1,-0.642503,2.80633,127.0523,18.16425,53.92097,302.7626
46.54605,1,-0.8669612,2.838656,128.096,328.8806,84.22543,160.2327,1,-0.4728814,2.754954,127.932,20.3663,59.04847,312.83
46.66605,1,-0.8533989,2.894587,129.0496,334.2979,83.13677,143.1832,1,-0.4184252,2.782705,128.8542,21.35833,58.91142,317.0395
46.78564,1,-0.8576396,3.029717,130.0842,2.129149,84.85135,135.4778,1,-0.4406266,2.774664,129.8484,19.87981,51.3246,314.7131
46.90564,1,-0.7432414,2.972935,131.0271,20.24468,130.5878,156.1255,1,-0.588937,2.788426,130.8629,18.47339,40.43415,317.659
47.02564,1,-1.061002,2.642401,131.8732,36.34038,160.7184,189.2105,1,-0.7710207,2.767651,131.8555,0.7300047,27.80278,313.1852
47.14565,1,-1.554995,2.86493,132.8685,35.13084,95.86803,173.9612,1,-0.9423023,2.752628,132.8431,7.846026,31.04408,315.5859
47.26564,1,-1.71779,2.991683,134.0398,12.83854,74.77206,119.9592,1,-1.209975,2.799838,133.8773,9.769286,27.31232,310.3912
47.38564,1,-1.604089,3.045153,135.135,8.408205,101.4118,190.1986,1,-1.512887,2.835547,134.9131,4.190437,22.20086,301.4872
47.50565,1,-1.902466,2.797569,135.8828,15.46719,137.9313,188.3185,1,-1.763556,2.81259,135.9914,0.4515699,21.04098,302.4708
47.62564,1,-2.542566,2.774253,137.1291,5.575538,102.0142,187.226,1,-1.941057,2.762265,137.069,15.01915,27.6935,311.8824
47.74564,1,-2.596523,2.968033,138.4198,11.79754,91.0851,120.8918,1,-2.119348,2.801442,138.1917,17.9157,27.75129,309.6973
47.86565,1,-2.388419,3.071915,139.5608,13.6081,114.5416,159.0882,1,-2.177146,2.800198,139.3413,2.357183,36.71148,309.8739
47.98564,1,-2.387358,2.988587,140.7522,352.5342,97.72339,134.9807,1,-2.037964,2.747387,140.5112,9.459903,62.72209,314.8737
48.10564,1,-2.277417,2.755237,141.8412,324.9023,74.56767,173.0018,1,-1.886488,2.822492,141.7975,60.50202,114.2138,2.733213
48.22564,1,-1.726287,2.751047,142.8559,322.0824,78.59367,240.2741,1,-1.56531,3.038037,143.1418,9.946523,97.56734,293.042
48.34564,1,-1.187827,2.998302,144.0871,336.1501,199.328,117.3115,1,-1.176815,3.047536,144.2769,330.7987,65.16536,343.814
48.46564,1,-0.4238626,3.092797,145.3623,36.36915,141.1694,160.6452,1,-0.5449498,2.8841,145.2227,346.1653,58.20717,12.71737
48.58564,1,0.03548556,2.902875,146.5287,333.5782,108.0688,132.1156,1,0.3414642,2.75022,146.2262,358.6024,59.8184,344.6216
48.7056,1,0.7382346,2.584899,147.3878,326.2701,92.86388,196.7097,1,1.070929,2.753582,147.2234,52.8679,130.7476,315.2457
48.82462,1,1.521727,2.943508,148.3481,302.8814,189.534,133.2653,1,1.784126,3.012618,148.5936,35.43378,104.3458,298.8296
48.94409,1,2.265739,3.106996,149.6494,356.3714,180.943,88.91628,1,2.392563,3.066659,149.7899,340.2827,78.62946,327.1434
49.06409,1,2.993255,3.076744,150.9855,0.6183977,124.86,164.5604,0,0,0,0,0,0,0
49.18408,1,3.47461,2.899989,152.2581,356.6277,103.3893,123.4542,1,3.525511,2.841456,152.1206,330.2194,40.54391,32.20806
49.30408,1,3.889006,2.909723,153.509,328.3447,98.91377,152.0314,1,4.125312,2.808005,153.3282,4.993793,32.92576,324.6486
49.42409,1,4.160096,2.898239,154.8611,330.6439,90.27531,150.9234,1,4.497568,2.819238,154.6461,11.56901,45.64317,313.0834
49.54408,1,4.301314,2.978556,156.2921,334.2425,80.74176,147.9099,1,4.657914,2.801795,156.0554,18.74961,47.47332,317.7739
49.6619,1,4.253107,3.007653,157.7455,354.6053,83.98237,134.1504,1,4.577887,2.800982,157.5188,21.79488,42.08666,317.1165
49.78143,1,4.063223,2.981295,159.1523,23.13081,114.533,141.8458,1,4.2814,2.811745,158.9786,19.37458,32.54555,315.4784
49.90068,1,3.659368,2.847322,160.4743,20.70874,146.0025,183.1433,1,3.814653,2.829865,160.3892,19.95084,23.58926,313.849
50.02007,1,2.860578,2.701969,161.6302,11.77356,121.495,175.7157,1,3.240783,2.794397,161.7432,16.61208,11.02963,308.3976
50.13979,1,2.012828,2.900009,162.9058,8.476479,68.59309,157.6903,1,2.574809,2.780854,163.0545,15.91156,9.059184,319.4384
50.25948,1,1.399131,3.093443,164.4521,23.9208,61.34409,130.711,1,1.752663,2.830534,164.2804,17.37297,2.671446,313.0164
50.37941,1,0.8208125,2.944875,165.6868,358.9622,103.436,174.6937,1,0.8878925,2.87504,165.5173,352.8164,342.8491,295.4288
50.49941,1,-0.1723545,2.753554,166.614,12.16229,106.4331,201.7858,1,0.08364523,2.860315,166.7658,1.974431,344.573,298.8089
50.61942,1,-1.209046,2.946746,167.9408,33.06767,77.57887,193.8024,1,-0.7068036,2.811268,168.073,9.562764,350.0671,303.0264
50.73941,1,-1.900816,3.003091,169.4784,25.52933,74.68405,111.5943,1,-1.463506,2.817127,169.384,14.66043,7.939944,314.6901
50.85905,1,-2.302887,3.066773,170.8605,6.63578,99.10739,178.501,1,-2.091764,2.787772,170.7407,21.28613,25.33388,320.2182
50.97848,1,-2.718559,2.914634,172.223,33.46893,127.3183,171.47,1,-2.556464,2.785244,172.09,23.11635,35.07308,322.3819
51.09674,1,-3.084407,2.837327,173.6015,21.91047,141.4963,164.825,1,-2.842084,2.762792,173.4691,20.71544,44.94751,325.0763
51.21539,1,-3.230715,2.887323,174.9839,25.31651,137.9672,164.3241,1,-3.000141,2.770888,174.8262,24.24004,55.12424,322.0464
51.33469,1,-3.205862,3.001216,176.3096,23.184,110.1031,152.7352,1,-2.992278,2.770486,176.1063,24.75045,60.43181,321.599
51.45335,1,-3.115078,3.030092,177.5103,3.357109,99.9994,129.1906,1,-2.85248,2.7719,177.2553,26.42162,69.54992,325.5167
51.57186,1,-3.023128,2.976696,178.5495,345.1229,75.82032,148.3339,1,-2.68643,2.807814,178.357,49.96204,122.3199,11.48155
51.69003,1,-2.869684,2.731195,179.3016,3.069484,96.84034,178.8407,1,-2.464081,3.022099,179.3712,29.76107,74.47521,293.5448
51.80775,1,-2.344541,2.972367,179.9464,337.8834,144.1187,143.2736,1,-2.280856,3.056787,180.2054,337.8581,79.49307,315.7156
51.92387,1,-1.999761,3.135846,180.7087,17.40799,164.3821,97.6778,1,-2.12972,3.014552,180.8585,338.0571,59.85955,3.315291
52.03983,1,-1.779935,3.067265,181.4676,8.203296,119.7519,171.6085,0,0,0,0,0,0,0
52.15533,1,-1.677826,2.924818,182.0425,353.8815,104.6213,130.8917,1,-1.515708,2.955239,181.9863,53.43945,74.63883,352.2114
52.27139,1,-1.517741,2.775305,182.5284,341.6143,113.9857,134.4946,1,-1.176464,2.841496,182.3475,334.6314,55.68232,318.3877
52.38755,1,-1.26688,2.761314,182.944,320.3681,92.14713,171.0963,1,-0.930725,2.882609,182.814,6.061841,68.4752,298.6983
52.50523,1,-0.9844242,2.772728,183.3368,309.1587,2.258277,279.3108,1,-0.7381231,2.870993,183.2712,14.97749,79.74452,298.7649
52.62257,1,-0.7864631,2.802011,183.745,316.4085,355.7271,311.152,1,-0.6331856,2.855151,183.7171,48.83198,138.7009,13.45214
52.73882,1,-0.6671211,2.789889,184.1783,310.3217,10.19644,307.7767,1,-0.5105633,2.888221,184.2163,50.08941,109.4823,335.1179
52.85371,1,-0.5969428,2.772304,184.5803,326.3114,341.3997,318.7343,1,-0.3232737,2.938226,184.6185,17.68872,84.36749,312.1896
52.96905,1,-0.482323,2.767257,184.9467,323.2371,320.3195,319.0634,1,-0.193177,2.954598,185.0132,18.22982,77.60864,316.123
53.08279,1,-0.3592956,2.782803,185.3518,317.4458,329.14,314.7113,1,-0.08261174,2.931251,185.4153,10.63975,81.3784,317.7101
53.19928,1,-0.245207,2.783379,185.7719,313.7324,338.5475,311.2112,1,0.01782504,2.973075,185.8425,13.61396,76.46146,323.7296
53.31475,1,-0.1365015,2.795791,186.2211,316.6295,323.1796,308.1391,1,0.1204059,2.989082,186.3084,11.73893,74.68812,328.3817
53.42963,1,-0.03910337,2.800383,186.6801,313.0433,328.9434,305.0897,1,0.219742,2.973208,186.7682,9.341076,74.95107,326.8708
53.54475,1,0.03824062,2.802721,187.151,303.3376,326.8474,304.6681,1,0.3101863,2.94187,187.23,14.43858,75.0779,321.8933
53.65899,1,0.1083437,2.810697,187.6398,302.3098,332.7004,296.7208,1,0.3850764,2.936668,187.7258,15.71603,72.52298,319.0188
53.77448,1,0.1594568,2.814889,188.1446,300.8452,331.0841,293.9474,1,0.4434114,2.9328,188.2222,19.27812,72.09364,318.5682
53.88688,1,0.1970298,2.852582,188.6712,289.6727,355.481,258.052,1,0.4832336,2.898944,188.7113,30.73791,73.93133,314.7349
54.00101,1,0.2314884,2.905396,189.2507,286.8738,26.875,214.5766,1,0.5204655,2.890996,189.2053,40.92099,76.04802,321.2033
54.11426,1,0.2646367,2.970284,189.8237,312.3297,83.78307,146.7425,1,0.5385848,2.842919,189.7034,62.37095,97.13644,351.9618
54.22878,1,0.2770008,2.984555,190.3935,349.1076,75.46954,162.5121,1,0.5802596,2.819723,190.2791,55.61642,84.55582,348.0928
54.34472,1,0.319003,3.025475,190.974,359.4255,81.45095,154.2507,1,0.5959797,2.806255,190.8659,52.23655,74.85662,339.3798
54.46092,1,0.3499279,3.01762,191.6028,15.96603,97.12385,143.54,1,0.5711316,2.822182,191.452,48.53679,71.58482,334.1559
54.57767,1,0.3855573,2.976149,192.2028,18.44139,118.6769,149.048,1,0.5345217,2.818764,192.0712,45.29331,61.17278,323.1023
54.69414,1,0.3780268,2.881385,192.8105,25.17799,125.5915,163.5955,1,0.4932735,2.784212,192.7187,36.83681,55.74343,314.3478
54.81039,1,0.2470262,2.774384,193.4766,23.56911,146.5322,151.0478,1,0.4626722,2.758287,193.3669,40.67715,56.35716,316.6269
54.92844,1,0.1524356,2.757765,194.1141,15.35799,138.7897,157.8901,1,0.4124299,2.77628,194.0346,46.08786,44.8227,291.5502
55.04596,1,0.03681335,2.755637,194.7589,6.486619,134.9006,171.824,1,0.34529,2.779578,194.7251,42.26178,52.55697,301.2474
55.16304,1,-0.08826147,2.774198,195.4285,35.25708,128.3574,175.3649,1,0.2800967,2.776872,195.4162,42.47356,52.59742,304.868
55.27891,1,-0.2013659,2.772463,196.1485,26.12603,116.6211,162.9664,1,0.2157635,2.777952,196.1217,43.595,49.49478,304.2823
55.39555,1,-0.2714494,2.792876,196.8786,24.77434,116.1324,161.5491,1,0.1533792,2.78409,196.8391,43.9505,49.15747,303.8227
55.50984,1,-0.325363,2.788711,197.6279,17.47983,107.0671,138.5133,1,0.0978776,2.787788,197.5686,40.27456,48.702,302.8091
55.62571,1,-0.3737496,2.7997,198.3902,17.34522,111.5596,138.7325,1,0.05119213,2.788098,198.3144,38.20047,50.18575,303.9283
55.74217,1,-0.4112479,2.812067,199.1536,17.60565,111.8917,140.6454,1,0.01118922,2.790296,199.0706,36.5013,51.28135,305.7047
55.85789,1,-0.4334679,2.820399,199.9431,13.81476,106.1264,135.9137,1,-0.01853085,2.790896,199.845,36.90434,52.95002,309.117
55.97501,1,-0.4436836,2.820656,200.732,10.93145,107.5093,141.5049,1,-0.04887171,2.795963,200.6433,38.19413,66.63732,330.7079
56.09121,1,-0.3975639,2.801093,201.4917,0.558463,96.85004,153.3253,1,-0.1029487,2.842073,201.4673,51.46863,87.8758,1.906442
56.20538,1,-0.3464015,2.797773,202.2549,7.276054,89.03099,165.0356,1,-0.1394727,2.888069,202.3461,52.99113,77.09659,336.6316
56.31805,1,-0.3279107,2.850964,203.0754,349.2279,101.497,177.5056,1,-0.1316233,2.93143,203.2284,31.27994,83.59607,321.7143
56.43166,1,-0.3227277,2.88214,203.924,350.9815,109.555,174.744,1,-0.1087466,2.938144,204.1103,10.46168,82.21146,307.389
56.546,1,-0.3004099,2.908101,204.7713,345.2968,109.4299,174.3823,1,-0.07582318,2.956012,204.9707,6.073414,77.48739,318.6971
56.6581,1,-0.2639101,2.91843,205.6192,336.5059,120.9027,156.8943,1,-0.04265801,2.981789,205.8699,358.1596,67.36897,321.111
56.77198,1,-0.2276575,2.922909,206.5238,338.5175,123.552,153.2444,1,-0.01869853,2.998952,206.7641,357.0758,68.75535,328.0789
56.88545,1,-0.1923331,2.946411,207.4285,338.5098,123.7846,147.5167,1,0.01281782,3.006417,207.6733,353.863,69.40043,333.1496
57.00041,1,-0.1561789,2.970267,208.3378,342.7243,134.6803,136.1201,1,0.04098406,3.02849,208.6087,345.7036,66.45758,340.0718
57.11179,1,-0.1175501,2.98613,209.2697,359.4703,160.453,124.7959,1,0.06083102,3.011846,209.5486,353.54,65.70404,333.8289
57.22096,1,-0.07092503,3.001539,210.2166,14.4692,170.8997,115.4632,1,0.06757327,3.01295,210.5042,354.3309,66.72572,333.7936
57.33175,1,-0.05485545,2.994695,211.1912,22.04445,160.9506,108.3352,1,0.08559443,3.009491,211.4793,354.9666,66.8376,332.2589
57.44447,1,-0.055293,2.98078,212.189,357.7308,142.1073,107.6591,1,0.1021805,3.008496,212.4726,356.104,67.27601,331.5122
57.55269,1,-0.07676614,2.95409,213.2387,345.0311,129.4208,126.0554,1,0.1272244,3.000889,213.4775,6.013721,75.57229,330.8694
57.66228,1,-0.08526406,2.952895,214.2717,348.3639,124.311,134.3056,1,0.1510218,2.976823,214.4884,5.392171,73.11552,328.7233
57.77233,1,-0.1050755,2.957519,215.3465,348.8167,111.8035,130.8123,1,0.1526108,2.974205,215.5264,5.121702,72.73676,326.8044
57.88232,1,-0.1414631,2.942503,216.4916,332.743,82.92928,147.9893,1,0.1590419,2.974024,216.5638,21.36372,74.53102,320.9833
57.99495,1,-0.117971,2.959188,217.5791,321.3932,79.73992,169.9108,1,0.1714067,2.939376,217.6346,25.3918,77.38885,317.5702
58.10522,1,-0.1382142,2.951592,218.6456,333.9304,87.64052,163.3294,1,0.1940674,2.882029,218.691,33.13535,61.0094,313.832
58.21521,1,-0.1815292,3.003766,219.7345,346.3324,96.84258,175.4937,1,0.1764086,2.830224,219.7547,61.04702,78.15354,336.9197
58.32722,1,-0.2084687,3.077933,220.7966,22.22325,91.88242,201.4056,1,0.1579689,2.798683,220.8375,64.68523,91.47037,352.6096
58.43777,1,-0.2055527,3.082579,221.8547,31.67178,117.378,220.3605,1,0.1552033,2.790496,221.9611,57.35546,81.04517,345.6404
58.54654,1,-0.2121549,3.044376,222.8766,2.015205,116.1693,199.9188,1,0.1431806,2.800949,223.11,63.57177,84.15277,351.319
58.65668,1,-0.2185082,3.041072,224.0183,11.29225,113.8577,201.9411,1,0.134021,2.804334,224.264,59.41069,82.66862,348.1554
58.76753,1,-0.2295885,3.074787,225.241,17.1249,110.5482,207.6614,1,0.1312579,2.796528,225.4292,59.02276,74.79941,343.258
58.87715,1,-0.2726468,3.024497,226.4562,3.206425,103.6364,173.6417,1,0.1279195,2.780033,226.5769,64.66593,53.79644,330.5612
58.98643,1,-0.2941367,2.90493,227.6513,12.00868,77.908,193.9516,1,0.1253716,2.772239,227.7885,66.92249,60.72282,336.846
59.09652,1,-0.2901147,2.844954,228.9147,5.891456,88.46583,244.3459,1,0.1275288,2.783061,229.0188,76.88628,72.03347,353.2897
59.20657,1,-0.2885305,2.931141,230.1434,0.2243304,79.75104,210.1671,1,0.1193271,2.779059,230.2564,73.28001,71.39056,350.307
59.31635,1,-0.3829126,3.014291,231.3796,353.941,68.7053,158.4156,1,0.1162984,2.777533,231.5069,68.90594,70.12326,344.1382
59.4258,1,-0.4395115,2.990645,232.6585,327.4829,67.70528,137.8951,1,0.1186354,2.775516,232.771,70.72742,67.17924,341.4585
59.53477,1,-0.4293086,2.993999,233.9359,322.2294,72.5045,131.5389,1,0.114775,2.777588,234.0525,84.88496,5.65648,281.2569
59.64354,1,-0.4046378,2.99573,235.2269,330.188,72.62555,142.025,1,0.1103179,2.787622,235.3481,84.77505,320.3181,236.2065
59.75352,1,-0.367455,2.979942,236.5358,347.9872,82.77184,179.8814,1,0.1136367,2.791927,236.654,85.34289,15.59857,291.631
59.86403,1,-0.3314984,2.94778,237.8665,6.643893,84.10037,214.7639,1,0.111253,2.793042,237.9708,83.91363,72.47744,349.532
59.97431,1,-0.3008168,2.949476,239.2072,12.74403,92.49471,223.5726,1,0.109108,2.796759,239.3013,76.19897,81.81607,358.2737
60.08015,1,-0.320835,2.977,240.5587,2.731073,99.5166,226.477,1,0.1063919,2.803045,240.645,74.47472,86.92899,2.257785
60.18464,1,-0.3638579,3.093219,241.8457,312.484,115.6147,182.8425,1,0.09148727,2.807685,241.9928,71.19637,109.5271,22.23964
60.29091,1,-0.303987,3.067688,243.0893,337.6869,147.8033,130.0467,1,0.06081032,2.805465,243.3271,66.57234,135.1361,44.01389
60.39762,1,-0.3404726,3.020213,244.4564,335.7014,105.2058,155.7441,1,0.05233534,2.806831,244.6285,65.86724,131.294,41.0457
60.50349,1,-0.3756344,2.912499,245.7725,318.7333,93.67827,169.9807,1,0.04876636,2.808199,245.9,59.2781,134.0613,46.15417
60.60499,1,-0.338397,2.874854,247.0048,313.3183,93.53249,185.1783,1,0.04307342,2.806392,247.1328,61.39206,133.1514,45.24076
60.70597,1,-0.3017696,2.881081,248.172,318.2459,87.63067,208.5482,1,0.0395098,2.803648,248.3274,60.78204,133.4448,46.64101
60.80716,1,-0.2978046,2.879485,249.3366,316.2774,89.29288,205.4854,1,0.03835648,2.798069,249.4855,62.49244,139.5332,52.35025
60.90779,1,-0.2973515,2.885506,250.4415,318.4456,93.01627,200.1556,1,0.03622582,2.803627,250.5722,62.23922,138.1631,51.46399
61.00826,1,-0.2835836,2.891118,251.4625,313.9278,103.0525,185.6848,1,0.03905394,2.805773,251.5863,62.33443,139.7429,54.14044
61.10851,1,-0.2643861,2.900852,252.4095,314.6178,103.3696,186.7916,1,0.04595527,2.810696,252.5217,64.54378,143.7136,57.44697
61.22227,1,-0.2576119,2.8943,253.4077,314.0058,108.762,187.6085,1,0.05894572,2.813347,253.5271,62.53055,139.2157,52.78955
61.33636,1,-0.2471271,2.881033,254.3069,313.2755,107.5118,189.245,1,0.06936783,2.814999,254.4323,59.08684,135.8381,49.02814
61.45066,1,-0.234552,2.875615,255.1522,312.9342,107.1088,190.4681,1,0.08033234,2.814701,255.2741,59.56379,136.4758,49.55402
61.56679,1,-0.2246274,2.878771,255.9465,312.0776,109.6118,188.943,1,0.09223998,2.813745,256.0652,60.87447,134.8006,47.66891
61.68356,1,-0.2106241,2.902822,256.6736,305.5255,125.6306,167.6435,1,0.1009727,2.801707,256.8097,71.06454,145.9553,54.19411
61.78449,1,-0.1908151,2.947788,257.2307,312.5236,171.248,130.8405,1,0.1111271,2.806038,257.4011,68.95667,137.8868,47.53477
61.88629,1,-0.1677272,2.959132,257.7413,331.1623,207.4519,100.4181,1,0.1178888,2.80222,257.9688,70.18942,139.6863,46.45461
61.98844,1,-0.1671701,2.951869,258.2805,331.0713,218.2124,107.5257,1,0.1206428,2.800349,258.5117,70.9529,131.5002,33.26882
62.0896,1,-0.1339211,2.954079,258.8399,340.2908,221.9434,104.5798,1,0.1319307,2.797823,259.0681,69.35618,122.8178,23.21198
62.20486,1,-0.01221448,2.950138,259.5486,359.2077,215.0311,88.6231,1,0.1543272,2.791265,259.7295,73.59173,121.9164,25.41037
62.31954,1,-0.1121684,2.951428,260.2444,313.3032,166.5709,116.9348,1,0.1709282,2.793047,260.3956,75.24434,117.6861,22.27153
62.43602,1,-0.08364933,2.9639,260.882,325.9887,169.7504,122.835,1,0.1857873,2.785617,261.077,71.87054,105.1095,9.491593
62.54993,1,-0.05843753,2.954171,261.5741,331.4789,175.9548,120.6324,1,0.198557,2.78023,261.7661,68.5017,103.2487,8.074455
62.66548,1,-0.04276264,2.948886,262.2678,330.7082,173.4333,123.923,1,0.2114138,2.783781,262.4628,66.08228,107.4306,11.34834
62.77976,1,-0.03263618,2.95595,262.9743,329.2792,172.1292,125.4171,1,0.2289913,2.783216,263.1698,65.99269,107.267,11.42159
62.89314,1,-0.01627903,2.957659,263.6891,330.3617,172.9577,124.0731,1,0.2486853,2.782366,263.8926,62.28487,111.3876,14.73054
63.00749,1,9.836257E-05,2.950434,264.4084,337.0266,176.6775,115.7467,1,0.2655183,2.782542,264.6244,59.55596,116.5148,20.34184
63.1085,1,0.01778077,2.949606,265.0501,336.6015,178.3233,113.5684,1,0.2788061,2.784742,265.2599,60.14993,121.1956,23.57306
63.20927,1,0.02468491,2.944542,265.7117,334.007,175.3785,115.5548,1,0.2966062,2.78577,265.9029,61.3316,121.5185,22.99631
63.31066,1,0.04854344,2.946298,266.364,334.3478,176.5362,115.014,1,0.319244,2.788228,266.5524,64.26028,123.3539,25.07785
63.42657,1,0.07852091,2.94269,267.1431,334.718,180.9801,114.2561,1,0.3451711,2.786575,267.3266,63.2545,123.9448,25.33154
63.54243,1,0.1050418,2.942437,267.9311,333.5604,182.2914,113.87,1,0.370342,2.789087,268.1108,62.74398,123.4055,24.86461
63.6591,1,0.1339254,2.94625,268.7278,335.8459,178.1805,115.9592,1,0.3972405,2.791543,268.908,63.00012,124.0043,25.048
63.77172,1,0.1585628,2.947496,269.5303,334.9452,178.1867,115.842,1,0.4266945,2.786092,269.7226,64.38387,123.5625,24.28569
63.88201,1,0.1917461,2.948487,270.3499,333.1743,179.0507,115.829,1,0.4593049,2.781123,270.5467,67.51849,121.8113,23.36551
63.99229,1,0.2259308,2.95902,271.1798,333.3333,180.5666,115.5115,1,0.4937879,2.78533,271.3777,67.52246,121.1135,23.06904
64.10142,1,0.2589517,2.962821,272.0257,335.5296,184.7211,114.462,1,0.5305321,2.788588,272.2208,68.18497,121.4158,23.35272
64.20974,1,0.294946,2.964332,272.8756,335.0069,184.4773,114.7805,1,0.5675655,2.789837,273.0708,70.48025,122.0822,23.85124
64.31784,1,0.3320403,2.965381,273.7341,334.3915,183.2657,115.3046,1,0.6049044,2.790648,273.9284,71.51347,125.5645,26.84717
64.42757,1,0.3755971,2.96945,274.5989,332.954,185.1063,114.5455,1,0.643155,2.790532,274.7929,72.8246,127.1643,28.39533
64.53654,1,0.4181691,2.972099,275.4726,331.845,187.8397,113.5355,1,0.6846724,2.789206,275.6652,73.63795,121.7134,23.67235
64.64429,1,0.4611084,2.973781,276.3519,330.8034,189.4676,113.1719,1,0.7272396,2.78625,276.5456,72.85349,112.7772,14.00329
64.75317,1,0.5041962,2.984755,277.235,329.6949,190.8145,113.2888,1,0.7692403,2.786914,277.4295,72.05243,108.1794,8.876534
64.86137,1,0.5495301,2.994803,278.1193,332.35,188.2159,115.5683,1,0.8117964,2.785891,278.3179,69.84915,103.6919,3.942882
64.96916,1,0.5964546,3.003499,279.0038,332.1817,187.6264,115.7067,1,0.8537448,2.786279,279.2088,73.39024,107.4575,7.837584
65.0757,1,0.6114987,2.990207,279.8731,347.5164,196.7444,106.6583,1,0.8953673,2.798826,280.0643,80.02457,124.8399,26.62187
65.18199,1,0.6556327,2.99153,280.7026,345.576,200.5212,104.9321,1,0.9396144,2.80596,280.8822,76.23868,119.8518,20.29695
65.28583,1,0.6944001,2.982986,281.4633,336.9786,180.6293,120.285,1,0.9755231,2.81211,281.6438,72.77714,121.5232,19.24382
65.39427,1,0.729049,3.006453,282.1393,341.3662,180.2514,124.6033,1,1.006304,2.820254,282.3564,76.79558,138.8188,33.75916
65.50177,1,0.7558032,3.004766,282.7956,341.169,181.9443,120.4965,1,1.0434,2.833955,283.0182,75.2636,127.5387,23.76255
65.60501,1,0.7829809,3.00856,283.4115,344.1622,186.035,110.704,1,1.094313,2.866246,283.6382,68.02392,122.8074,23.5094
65.70979,1,0.8122652,3.002544,283.9814,345.1007,186.5822,107.8278,1,1.131587,2.896939,284.2458,48.61887,114.646,22.66266
65.81425,1,0.8348838,2.990593,284.4901,343.7146,185.5389,108.1378,1,1.141497,2.907149,284.7444,66.25348,136.1707,35.44442
65.92181,1,0.8582977,2.991018,284.9001,342.3029,185.962,107.0111,1,1.067058,2.891512,285.1232,57.07183,286.3003,160.4874
66.03008,1,0.8672502,2.984316,285.2052,341.5388,185.5332,109.1414,1,1.069785,2.872704,285.4427,86.0379,265.6519,126.5961
66.13636,1,0.8688437,2.984549,285.3993,344.8161,185.8472,110.2281,1,1.080643,2.877579,285.6379,87.82624,164.1982,25.02215
66.24126,1,0.8728467,2.975509,285.5077,348.0951,186.2126,106.7056,1,1.087566,2.881122,285.7324,88.42841,157.5209,19.77472
66.34204,1,0.8702883,2.96502,285.5506,346.1936,187.4068,104.7191,1,1.092725,2.881437,285.7727,82.28587,138.6565,3.197658
66.4442,1,0.8559011,2.962008,285.5549,332.9744,194.8581,107.4908,1,1.09619,2.883736,285.7789,82.66582,137.1823,3.447849
66.5466,1,0.8535753,2.956738,285.5664,336.6757,193.2892,107.0244,1,1.097128,2.879396,285.8014,82.57966,128.3062,354.0152
66.65462,1,0.8549834,2.951573,285.5977,337.8634,191.7795,107.2399,1,1.097091,2.870157,285.8453,83.10133,124.8191,349.9232
66.76783,1,0.8648938,2.953529,285.6556,338.8111,189.7257,108.05,1,1.095214,2.8671,285.9017,85.40471,133.1127,359.0214
66.88128,1,0.8726151,2.954905,285.7358,338.6019,188.3811,109.1897,1,1.098797,2.865651,285.9814,86.47602,152.6547,20.44474
66.99214,1,0.8812902,2.955537,285.8301,338.649,188.0672,109.3791,1,1.092365,2.863949,286.0762,86.08939,152.8189,18.75601
67.09646,1,0.8870648,2.955744,285.944,337.1759,188.7543,109.179,1,1.09777,2.862311,286.1953,87.2579,152.1576,16.19825
67.1985,1,0.893862,2.953752,286.0785,333.4257,188.5475,109.1047,1,1.105202,2.862438,286.3289,87.19042,162.8066,26.91085
67.3029,1,0.896139,2.94856,286.2312,332.8032,185.9426,112.1554,1,1.111102,2.859228,286.4781,89.64668,359.6736,222.7946
67.40877,1,0.9013957,2.944792,286.4082,333.4702,186.7932,111.2061,1,1.118123,2.854754,286.6461,87.89895,25.41481,248.4529
67.51609,1,0.9082025,2.946532,286.6075,333.3341,187.41,111.1673,1,1.126263,2.853919,286.8408,87.9373,56.51976,280.1498
67.62421,1,0.914193,2.946031,286.8328,331.6255,188.2701,112.2109,1,1.133357,2.852189,287.0629,88.35599,48.05376,271.4424
67.73348,1,0.9226426,2.942289,287.0834,330.3089,188.7657,112.4535,1,1.141489,2.844612,287.3104,88.20202,41.00707,264.4134
67.84287,1,0.9335895,2.939803,287.3582,327.5488,194.4907,109.6937,1,1.148793,2.845855,287.5784,88.42903,36.23398,259.7088
67.95428,1,0.9460647,2.938559,287.6541,327.2059,193.6499,109.8853,1,1.15831,2.846901,287.8729,88.63686,33.95219,257.541
68.06602,1,0.9585986,2.947282,287.9641,328.4031,198.7126,107.4469,1,1.168114,2.847465,288.1907,88.90855,28.23648,251.7722
68.17413,1,0.9694136,2.970412,288.2662,333.003,211.9731,104.0967,1,1.179492,2.847732,288.5332,89.14958,43.11827,266.7082
68.2836,1,1.02429,2.971672,288.6381,336.2884,207.3737,98.85266,1,1.190692,2.847963,288.9016,89.51949,49.74164,273.0118
68.39471,0,0,0,0,0,0,0,1,1.201939,2.848483,289.2936,89.66545,75.57184,298.762
68.50644,0,0,0,0,0,0,0,1,1.210451,2.855973,289.7145,88.4501,175.14,37.17645
68.62109,0,0,0,0,0,0,0,1,1.224197,2.874784,290.1696,84.48936,183.234,42.66924
68.72643,1,1.054845,2.971746,290.2785,52.85638,71.7999,248.8021,1,1.240168,2.879967,290.5856,85.19486,171.2597,31.08709
68.83164,1,1.037166,2.961612,290.7139,50.38475,89.00508,263.1648,1,1.255696,2.873018,291.0348,77.75703,142.625,0.3410397
68.93261,0,0,0,0,0,0,0,1,1.268997,2.859354,291.4884,73.32384,128.8389,349.1916
69.03317,0,0,0,0,0,0,0,1,1.278083,2.845241,291.9647,76.27251,114.4094,334.8423
69.13358,0,0,0,0,0,0,0,1,1.288181,2.852403,292.4672,77.85166,127.3155,347.7199
69.23434,0,0,0,0,0,0,0,1,1.294583,2.866271,292.9971,75.45987,151.7159,11.10597
69.3485,0,0,0,0,0,0,0,1,1.306208,2.862548,293.6279,75.37601,147.8175,6.85244
69.45895,0,0,0,0,0,0,0,1,1.313872,2.850273,294.2869,80.20664,107.4521,324.6739
69.56503,0,0,0,0,0,0,0,1,1.323593,2.850248,294.9869,79.77455,102.6884,322.0098
69.66971,0,0,0,0,0,0,0,1,1.337127,2.872746,295.7299,73.29719,110.0253,331.5095
69.77424,0,0,0,0,0,0,0,1,1.361732,2.970544,296.5142,30.796,94.52968,321.4015
69.87758,1,1.14359,2.980205,297.0062,324.4782,185.8601,125.4042,1,1.341707,3.029777,297.355,355.7912,59.26365,319.3394
69.98199,1,1.18233,3.027659,297.8736,347.1613,188.9762,125.5854,1,1.241737,3.035336,298.1724,340.4568,40.13708,343.3033
70.08576,1,1.169369,3.042307,298.7096,348.263,149.2861,147.5803,1,1.159655,2.965975,298.9463,333.3366,50.49117,339.7744
70.18742,1,1.138918,3.016755,299.4718,338.6887,147.8926,147.845,1,1.13217,2.912282,299.6443,323.6187,46.73744,337.9663
70.29171,1,1.108054,3.001034,300.1923,350.2747,127.1992,145.8327,1,1.095841,2.890173,300.3449,313.6147,23.68292,10.60451
70.3933,1,1.081599,2.986186,300.9509,4.181122,113.1812,145.1558,1,1.042792,2.878988,301.0052,317.5797,33.41345,355.3644
70.49779,1,0.9830232,2.953562,301.6088,356.7178,79.82488,149.5594,1,1.279634,2.893219,301.3483,10.64721,7.154656,358.3595
70.59933,1,0.8666279,2.898419,302.0975,320.3011,65.5439,154.0964,1,1.235649,2.815512,302.0679,358.9555,22.4465,12.17593
70.70226,1,0.764299,2.824824,302.5351,318.2907,84.87435,137.7935,1,1.166021,2.841014,302.5662,339.8996,16.76011,1.71248
70.80652,1,0.7128518,2.79727,302.9896,300.7993,61.176,172.0748,1,1.088741,2.890133,303.0368,358.7097,40.53207,309.745
70.91227,1,0.7004517,2.751698,303.4028,291.4592,353.0701,244.2177,1,0.9674102,2.875859,303.5064,18.28529,51.52349,279.8999
71.02833,1,0.6545295,2.775948,303.8485,317.7245,323.1199,304.9258,1,0.7413823,2.908664,303.9436,68.27347,207.5926,121.4141
71.13271,1,0.4775837,2.796462,304.2816,319.2489,350.5252,308.4988,1,0.543795,2.954936,304.3841,45.47771,101.8949,338.5575
71.23605,1,0.3340115,2.806731,304.6868,300.9,349.3654,300.7463,1,0.4337867,2.913295,304.8466,17.92104,62.4243,310.1349
71.33967,1,0.1997869,2.840756,305.0522,298.9366,337.5446,304.2559,1,0.2754113,2.922463,305.2789,22.4293,60.36133,315.1494
71.44479,1,0.04778808,2.859043,305.4256,293.5148,340.776,296.0667,1,0.09968664,2.927331,305.6918,24.89937,57.71567,317.736
71.55238,1,-0.1684352,2.834814,305.8566,286.9282,7.349723,272.9205,1,-0.09895005,2.937292,306.1099,26.17954,54.29678,321.5858
71.6603,1,-0.4194013,2.829946,306.2759,294.0708,331.8554,286.4316,1,-0.3352554,2.938479,306.5266,27.63537,54.61946,326.4071
71.76978,1,-0.6936811,2.816906,306.6925,294.5094,327.1335,289.7792,1,-0.6031113,2.93243,306.9419,29.00154,52.74476,327.0702
71.88008,1,-0.9833838,2.815882,307.0945,301.327,300.9291,305.9913,1,-0.8873149,2.916497,307.3656,27.63041,52.21644,324.2707
71.99154,1,-1.312121,2.811303,307.5049,310.0132,270.1279,311.8091,1,-1.211974,2.909933,307.7854,30.28689,45.68703,324.0049
72.10441,1,-1.670403,2.860186,307.9256,301.3233,268.3182,298.0427,1,-1.578441,2.885296,308.1889,34.13956,42.48703,324.4386
72.22033,1,-2.029477,2.874889,308.3213,282.0317,48.14138,143.8352,1,-1.944136,2.844228,308.5522,57.85142,57.36948,349.4766
72.33875,1,-2.530945,2.888747,308.7438,306.0717,34.20283,159.9013,1,-2.378569,2.76134,308.8928,60.8048,81.64012,30.15248
72.45721,1,-3.045326,2.913765,309.1234,345.2809,35.94766,154.3595,1,-2.777171,2.823574,309.2115,58.76313,94.01463,98.99513
72.57619,1,-3.570281,2.933156,309.4896,351.1098,34.06955,143.5652,1,-3.276088,2.843544,309.5636,66.04961,60.99442,49.92782
72.69603,1,-4.11614,2.937874,309.8214,8.125523,30.10322,141.0868,1,-3.85021,2.793696,309.949,70.63549,44.37211,19.59806
72.81545,1,-4.696621,2.981248,310.1531,11.34669,56.18431,145.0015,1,-4.44295,2.813698,310.2629,68.69848,28.86279,9.737588
72.93478,1,-5.273485,2.969468,310.4987,27.06848,71.6151,159.2173,1,-5.071194,2.815403,310.5443,69.97507,351.2631,336.7385
73.0546,1,-5.90512,2.90623,310.7755,23.9049,79.53069,173.9371,1,-5.717131,2.820471,310.8008,63.49519,337.9907,335.9043
73.17385,1,-6.585491,2.827461,310.9766,7.005833,89.34385,173.1192,1,-6.410802,2.802746,311.0547,54.27258,334.9073,341.9316
73.29385,1,-7.320004,2.719316,311.1289,5.022049,79.89957,171.9468,1,-7.153049,2.789303,311.2794,52.25318,325.3436,337.7068
73.41385,1,-8.098259,2.760535,311.2015,40.3985,62.72142,175.2922,1,-7.929353,2.788996,311.4937,50.49932,320.6744,344.2901
73.53385,1,-8.934226,2.834724,311.385,32.10127,32.18531,167.1962,1,-8.7436,2.79957,311.6935,54.00105,319.4547,344.8734
73.65385,1,-9.850704,2.890055,311.5864,10.62378,14.44783,136.155,1,-9.603652,2.797779,311.8802,55.36705,317.1779,343.2283
73.77385,1,-10.77911,3.019088,311.8332,358.7716,27.45981,138.4209,1,-10.50665,2.796125,312.0562,55.82744,315.8279,342.4566
73.89385,1,-11.68006,3.069452,312.1091,3.005242,39.89744,170.787,1,-11.44907,2.798494,312.2186,56.08255,314.1535,341.3018
74.01385,1,-12.63602,2.987692,312.3522,30.39839,34.69363,154.8423,1,-12.4344,2.802472,312.3878,55.96514,311.9254,339.0742
74.13385,1,-13.66926,2.923273,312.5237,31.69363,37.36139,153.5283,1,-13.45684,2.799881,312.5655,55.37091,311.4503,338.3257
74.25385,1,-14.72925,2.935645,312.6937,27.28071,38.73875,153.751,1,-14.51627,2.801029,312.7505,55.81427,311.8663,337.9926
74.37386,1,-15.83461,2.948207,312.8918,27.44655,39.51981,154.5922,1,-15.61945,2.801073,312.9531,55.66928,312.7159,338.3311
74.49385,1,-16.98941,2.969143,313.1074,30.63884,31.5535,150.514,1,-16.7652,2.801254,313.1801,55.81717,314.338,339.0929
74.61385,1,-18.18506,3.003955,313.3352,25.93827,31.91193,152.1577,1,-17.95872,2.80045,313.4338,56.13345,317.7567,341.6075
74.73386,1,-19.43197,3.012661,313.5971,17.58633,27.28072,147.3457,1,-19.19866,2.799258,313.7086,55.91947,318.8313,342.2303
74.85385,1,-20.72923,3.023121,313.8354,0.3019756,14.54318,145.1945,1,-20.48385,2.799313,314.0066,55.3089,322.1523,343.591
74.97385,1,-22.06253,2.967373,314.0343,350.8152,6.628219,147.091,1,-21.81832,2.806597,314.3334,56.26562,323.0984,342.7083
75.09385,1,-23.42072,2.870522,314.3048,341.7417,13.99032,141.4867,1,-23.20401,2.807292,314.6547,57.58514,319.9348,338.209
75.21385,1,-24.8162,2.822253,314.6395,310.0436,351.2268,174.8372,1,-24.6405,2.801166,314.9636,56.14837,316.8676,335.9234
75.33385,1,-26.29894,2.818195,314.9358,312.3132,355.1874,166.84,1,-26.13052,2.793196,315.2382,55.22544,315.8172,336.9098
75.45385,1,-27.84547,2.825112,315.1743,298.5622,354.5818,169.3916,1,-27.68324,2.787261,315.482,54.19981,315.4733,340.0415
75.57385,1,-29.44682,2.832375,315.3559,303.0172,352.8254,169.5692,1,-29.29496,2.785832,315.6718,54.09016,313.4787,340.3654
75.69386,1,-31.12901,2.887201,315.476,319.9429,358.7574,154.7306,1,-30.95919,2.784449,315.798,54.17997,311.1822,340.5258
75.81385,1,-32.85438,2.94494,315.5329,329.1372,2.663572,153.8935,1,-32.68081,2.782445,315.8573,54.32571,309.8504,342.3549
75.93385,1,-34.6212,3.025305,315.6,1.426411,359.2123,145.0236,1,-34.45625,2.785651,315.8571,53.80361,308.7734,343.75
76.05386,1,-36.4604,3.054386,315.6105,5.042067,11.45614,162.281,1,-36.28574,2.795413,315.8017,51.88595,308.2627,345.9274
76.17385,1,-38.34292,3.015145,315.5922,23.63133,15.99049,157.8024,1,-38.16045,2.806319,315.7032,49.55241,306.4827,345.3524
76.29385,1,-40.2468,2.945919,315.4897,38.77896,27.65838,163.0253,1,-40.08484,2.794467,315.5825,48.43137,303.7933,343.673
76.41385,1,-42.22503,2.872689,315.3488,35.16322,28.86958,157.3655,1,-42.05349,2.78188,315.493,49.07425,306.3576,344.9403
76.53385,1,-44.26555,2.860595,315.252,32.09419,35.93652,158.3224,1,-44.09114,2.777733,315.4058,51.38421,309.6644,343.8553
76.65385,1,-46.36361,2.811572,315.2026,28.45009,38.38195,156.4691,1,-46.19237,2.773288,315.3621,50.72467,311.9965,344.9576
76.77385,1,-48.50422,2.80234,315.2046,5.877426,45.23716,167.1764,1,-48.35875,2.766137,315.3876,46.32506,319.0738,349.4842
76.89385,1,-50.73388,2.804272,315.3052,20.28008,46.77546,164.1494,1,-50.58315,2.766613,315.4929,45.20765,324.2303,351.8391
77.01385,1,-53.03111,2.86971,315.4477,22.58842,43.93883,145.1194,1,-52.8641,2.762998,315.6731,45.57954,324.8915,350.1027
77.13385,1,-55.43615,3.015957,315.6141,347.3322,347.4403,118.0774,1,-55.20617,2.755972,315.9307,46.38179,325.4337,347.3549
77.25385,1,-57.86456,2.938993,315.8908,321.2263,3.413602,167.8971,1,-57.60736,2.758378,316.256,49.26612,324.409,344.5612
77.37386,1,-60.25087,2.787522,316.3184,301.0905,352.8527,156.1566,1,-60.06732,2.758465,316.6587,49.95815,322.8536,343.1198
77.49385,1,-62.72358,2.718881,316.798,299.0701,267.2331,280.4921,1,-62.57837,2.76576,317.1131,52.87053,323.3549,343.3591
77.61366,1,-65.27453,2.794774,317.3345,296.5275,232.4708,297.2834,1,-65.15289,2.763842,317.5902,52.53627,326.0669,345.1091
77.73364,1,-67.93425,2.798409,317.7715,292.2554,236.3465,291.6649,1,-67.80243,2.754626,318.0381,49.97119,322.8515,343.9287
77.8532,1,-70.64198,2.780354,318.2049,301.3204,238.6215,287.3669,1,-70.52792,2.752398,318.437,48.73211,321.599,342.2232
77.97321,1,-73.38391,2.794699,318.5597,314.124,257.9461,288.0993,1,-73.32737,2.757097,318.7748,55.83131,322.2372,329.7484
78.09321,1,-76.2643,2.799902,318.8116,305.5706,261.8132,284.5449,1,-76.20211,2.75718,319.0359,55.5935,318.8668,334.9173
78.2132,1,-79.21784,2.805997,318.9044,306.9594,216.934,295.3135,1,-79.14833,2.753562,319.1475,54.20265,314.8721,335.2937
78.33319,1,-82.24289,2.80407,318.8051,301.3086,218.243,296.6948,1,-82.16581,2.752563,319.0953,54.40071,312.0258,335.1542
78.45319,1,-85.29924,2.805428,318.6344,298.7172,224.7858,292.8177,1,-85.24294,2.748332,318.9083,54.57208,309.4826,335.0173
78.5732,1,-88.42864,2.844504,318.2932,285.714,232.5502,269.6829,1,-88.37001,2.74903,318.5985,52.95092,303.4803,332.8869
78.69319,1,-91.67288,2.875265,317.8099,281.7369,20.82695,114.2647,1,-91.55422,2.749604,318.1733,52.71328,301.2433,332.1409
78.81319,1,-94.91444,2.899095,317.2762,300.4792,344.2247,148.4503,1,-94.78604,2.749074,317.6511,52.73236,300.736,332.1837
78.93315,1,-98.22402,2.927269,316.7439,318.4178,352.4277,142.2487,1,-98.08116,2.748315,317.1151,52.208,300.7692,332.2639
79.05315,1,-101.6337,3.000326,316.2332,346.0463,4.239442,144.5864,1,-101.4435,2.74807,316.5869,51.70943,302.6898,332.7762
79.17238,1,-105.0816,3.034966,315.843,356.6241,6.621356,153.9353,1,-104.8871,2.749088,316.138,51.69228,304.2887,332.7388
79.29152,1,-108.617,3.01701,315.5374,356.2637,7.690644,150.2659,1,-108.4117,2.749888,315.8293,51.61493,306.75,331.956
79.40901,1,-112.2227,3.014992,315.4619,356.2778,12.46789,150.3938,1,-111.9973,2.749918,315.7484,53.27723,309.2797,330.5863
79.52514,1,-115.8289,3.015175,315.6285,355.828,16.46798,151.2686,1,-115.5818,2.74967,315.903,52.72843,313.6638,331.3236
79.64002,1,-119.4116,2.983594,316.0042,330.8043,11.77444,153.2235,1,-119.1465,2.749093,316.3073,52.72464,317.0269,331.1183
79.75227,1,-122.9246,2.837364,316.6365,297.019,357.1332,141.6425,1,-122.6752,2.750408,316.953,54.80929,321.5228,330.6248
79.8638,1,-126.3572,2.74951,317.5222,286.6477,257.5127,247.5886,1,-126.1701,2.761842,317.7807,61.7459,327.238,329.0777
79.97456,1,-129.7765,2.777642,318.5095,303.2028,236.3926,296.8495,1,-129.637,2.763636,318.7367,65.09196,327.3339,328.2454
80.08093,1,-133.2508,2.807018,319.45,318.0248,242.3199,292.6058,1,-133.1152,2.768832,319.6552,63.36944,326.4541,328.2253
80.1869,1,-136.7449,2.801999,320.3085,308.6756,250.4807,283.8082,1,-136.6146,2.766745,320.5194,63.31194,325.2806,328.7647
80.29297,1,-140.2752,2.801812,321.0393,308.6978,245.126,286.1987,1,-140.1444,2.766325,321.2625,63.2098,322.7462,328.7719
80.39651,1,-143.8342,2.79843,321.6108,310.2183,239.6341,288.337,1,-143.7043,2.765699,321.8463,64.16351,321.0296,329.3861
80.50105,1,-147.4112,2.798832,322.0275,309.1312,234.382,288.7814,1,-147.2849,2.762391,322.2699,64.2086,319.6003,330.3191
80.60503,1,-151.0013,2.802266,322.2832,304.5043,234.5001,285.1157,1,-150.8816,2.757417,322.5398,63.08773,317.4369,330.5771
80.70976,1,-154.6033,2.822356,322.379,292.2979,209.0943,301.2985,1,-154.4859,2.758192,322.6614,59.92144,313.9645,330.7777
80.81384,1,-158.2114,2.823938,322.3529,289.8498,202.7543,303.9923,1,-158.0924,2.758332,322.6507,58.84321,310.6949,329.9013
80.9198,1,-161.8095,2.83466,322.2036,284.4189,203.0073,301.8626,1,-161.6943,2.75718,322.5108,58.38498,306.1195,327.2759
81.02768,1,-165.4113,2.85873,321.9608,274.3785,29.78553,112.9102,1,-165.2935,2.750744,322.2898,57.61664,303.5588,325.641
81.13621,1,-169.0051,2.863711,321.6638,272.9461,255.5505,245.4444,1,-168.8837,2.751938,322.0018,56.77231,302.7392,325.7077
81.24333,1,-172.601,2.880337,321.3308,279.1158,334.8868,167.1291,1,-172.4688,2.752347,321.6795,55.32495,303.4949,326.3123
81.35052,1,-176.1863,2.885762,320.9827,288.7551,341.2922,160.6015,1,-176.0546,2.753306,321.3443,56.05776,303.7124,326.3733
81.45937,1,-179.778,2.888158,320.6594,291.7315,336.2834,162.5087,1,-179.6393,2.755702,321.016,56.7687,305.96,327.9112
81.56828,1,-183.3645,2.881093,320.3588,291.2024,337.0184,163.0495,1,-183.2269,2.758092,320.7162,58.26855,308.015,328.9536
81.67518,1,-186.9566,2.88175,320.0881,290.5054,337.9802,162.9892,1,-186.8187,2.762945,320.4449,58.46247,309.488,329.3021
81.77692,1,-190.5614,2.899066,319.8405,293.5811,345.4644,158.0884,1,-190.4201,2.768223,320.2037,58.921,310.7256,327.9783
81.88615,1,-194.161,2.903106,319.632,294.9337,348.8482,155.9605,1,-194.015,2.771979,319.9959,62.18523,309.5591,322.4475
81.99349,1,-197.7651,2.887326,319.4733,294.3802,346.6898,157.4411,1,-197.6059,2.764513,319.8426,62.0354,308.4588,319.1695
82.09914,1,-201.359,2.873017,319.3716,293.4028,342.8038,161.4586,1,-201.1987,2.762581,319.7432,62.26422,308.7978,319.0381
82.20468,1,-204.9541,2.86862,319.3154,292.929,341.3873,163.0182,1,-204.797,2.762734,319.6837,62.73579,309.8313,319.3559
82.30738,1,-208.556,2.864362,319.3,291.9671,335.3282,168.8623,1,-208.3928,2.76265,319.6612,63.58472,309.1998,316.4454
82.41103,1,-212.1409,2.849747,319.3167,289.0466,330.3438,174.3823,1,-211.9899,2.76366,319.675,57.57225,308.9944,307.4161
82.51288,1,-215.7359,2.840342,319.35,281.9657,322.6427,182.5892,1,-215.5954,2.763819,319.7154,57.60674,313.7357,307.3611
82.61574,1,-219.3327,2.833488,319.39,277.8894,319.1445,187.291,1,-219.1972,2.763582,319.759,58.01329,317.902,309.809
82.71809,1,-222.9275,2.828059,319.4185,280.0474,321.9941,184.4083,1,-222.7976,2.760975,319.7849,57.90245,324.538,314.7566
82.82088,1,-226.5235,2.830358,319.4332,280.0341,327.1554,180.5263,1,-226.4007,2.750876,319.7996,56.89594,326.1898,318.0349
82.92284,1,-230.1212,2.829762,319.4256,279.6476,322.1636,184.652,1,-230.0015,2.750616,319.7907,56.78086,326.6991,319.9933
83.02378,1,-233.72,2.822292,319.3947,279.2314,318.3017,188.457,1,-233.6034,2.74894,319.7563,56.37705,326.7047,320.4922
83.12608,1,-237.3161,2.818231,319.3337,279.4777,312.9457,192.7697,1,-237.2057,2.746354,319.6924,56.20434,325.1007,319.9375
83.22878,1,-240.9138,2.826271,319.2276,276.8621,300.1629,205.1213,1,-240.8069,2.745864,319.591,56.24074,323.9518,319.8931
83.33116,1,-244.5148,2.841359,319.0798,277.5078,308.1743,196.3505,1,-244.4056,2.747737,319.451,57.06269,323.5165,319.5502
83.43282,1,-248.1108,2.843637,318.905,277.3627,306.0814,198.3517,1,-248.0032,2.751218,319.281,60.39799,325.5512,320.2639
83.53481,1,-251.703,2.843822,318.7055,277.3947,312.5197,192.455,1,-251.5982,2.753787,319.0825,60.59143,325.2113,320.4227
83.63602,1,-255.3017,2.854521,318.4796,277.7147,312.5471,191.4466,1,-255.1884,2.7542,318.8575,60.10401,324.9936,321.0291
83.73814,1,-258.8719,2.871909,318.2295,280.7072,317.5688,187.0026,1,-258.755,2.752401,318.6158,59.77038,324.4907,321.3546
83.83959,1,-262.403,2.890741,317.9698,286.953,330.7386,177.6805,1,-262.2842,2.74967,318.3636,58.89352,322.6924,320.5475
83.94159,1,-265.8975,2.887486,317.7297,288.6447,332.0331,176.0517,1,-265.7764,2.748729,318.123,58.34471,319.6499,317.9085
84.04411,1,-269.3586,2.882646,317.504,294.0393,337.9865,167.9345,1,-269.2328,2.748722,317.8948,59.033,319.0702,317.0865
84.14765,1,-272.7942,2.902082,317.2936,299.7774,346.7777,161.119,1,-272.6556,2.747222,317.6888,58.83332,319.4582,316.8333
84.24984,1,-276.1617,2.913618,317.1158,300.055,345.1859,164.5148,1,-276.0191,2.747108,317.5101,58.77099,319.5128,316.556
84.35226,1,-279.4571,2.904506,316.9782,300.3532,347.825,163.0176,1,-279.3069,2.746348,317.3745,58.60694,319.2209,315.0924
84.45502,1,-282.6594,2.90386,316.891,301.4666,347.8239,164.0082,1,-282.5065,2.744507,317.2854,58.48791,319.8542,314.8227
84.55897,1,-285.7582,2.900071,316.847,300.9008,348.0711,164.3481,1,-285.5973,2.743639,317.2404,58.05166,320.4612,314.6805
84.6624,1,-288.7393,2.89558,316.8411,300.4872,347.8213,165.5207,1,-288.5717,2.743,317.2337,57.54384,320.4404,313.4121
84.77859,1,-292.0033,2.883044,316.8754,299.1268,346.7261,167.0591,1,-291.8318,2.742348,317.2662,56.79677,319.8496,311.5261
84.89251,1,-295.0239,2.86974,316.9377,297.552,344.1999,170.0842,1,-294.8559,2.742096,317.3276,56.13411,318.7364,309.1347
85.00508,1,-297.8054,2.863115,317.0232,295.8331,341.0169,172.8486,1,-297.6414,2.742521,317.4068,55.88702,320.1072,309.9142
85.11716,1,-300.3476,2.854141,317.1109,289.5291,337.8566,177.4609,1,-300.1881,2.742469,317.4921,55.77038,320.4855,309.9469
85.22663,1,-302.6385,2.846905,317.1989,284.6453,335.2752,180.6022,1,-302.4771,2.743334,317.5767,55.59232,319.8204,309.2392
85.33411,1,-304.6646,2.825334,317.2777,287.1362,337.8954,177.9046,1,-304.5104,2.743168,317.6548,55.65727,319.9896,309.257
85.44152,1,-306.4278,2.826622,317.3515,279.4615,330.5865,186.0824,1,-306.2789,2.743067,317.7239,56.11651,321.1574,310.2815
85.54913,1,-307.921,2.834898,317.4044,280.2901,331.7989,185.8422,1,-307.7693,2.742412,317.7808,56.07266,321.3,310.6323
85.65448,1,-309.1264,2.834546,317.4487,279.8726,333.8946,183.8634,1,-308.9777,2.742947,317.825,55.96875,321.4956,310.9136
85.76173,1,-310.0423,2.828917,317.4847,279.6905,332.5104,184.8512,1,-309.8965,2.742514,317.8568,55.72204,322.545,312.1611
85.86768,1,-310.6685,2.82296,317.5106,279.9462,325.4822,191.2999,1,-310.5277,2.742193,317.8781,55.95103,323.4325,313.1693
85.97353,1,-311.0165,2.822244,317.5207,280.9414,307.6808,210.2314,1,-310.8799,2.741475,317.8899,55.87774,323.1436,312.8399
86.0795,1,-311.0675,2.851995,317.5047,287.5681,306.4384,221.9244,1,-310.9628,2.748789,317.8927,56.17323,322.9925,312.4
86.18421,1,-311.0351,2.90348,317.4586,322.6805,335.1921,212.1341,1,-310.9657,2.761325,317.898,56.9769,321.9155,308.3083
86.28668,1,-311.007,2.939931,317.4302,333.7531,346.7733,223.0341,1,-310.9268,2.829512,317.9209,51.31347,311.9374,299.7119
86.39965,1,-310.9695,2.957966,317.418,317.6621,358.0315,211.753,1,-310.8735,2.916028,317.9308,42.22183,310.2405,299.6893
86.50935,1,-310.8783,3.021957,317.4838,316.4049,39.02167,163.5585,1,-310.877,2.956817,317.948,32.47497,295.6561,284.478
86.61944,1,-310.808,3.084761,317.545,350.7291,60.70699,110.1978,1,-310.8658,3.009296,317.9471,11.79291,291.7661,277.5092
86.73105,1,-310.7958,3.086156,317.5338,5.646576,44.08831,97.36295,1,-310.8616,3.033046,317.9701,357.0134,288.5562,272.68
86.84172,1,-310.7766,3.093354,317.561,13.90298,32.0131,85.90814,0,0,0,0,0,0,0
86.95259,0,0,0,0,0,0,0,0,0,0,0,0,0,0
87.06647,0,0,0,0,0,0,0,1,-310.93,2.772273,317.8833,34.98248,277.3091,278.1726
87.16927,1,-310.9158,2.856817,317.5789,309.7496,96.11308,98.14024,1,-310.9679,2.514175,317.9812,30.09569,329.9924,328.9917
87.27273,1,-310.9284,2.818056,317.559,320.8324,36.78134,157.6864,1,-310.9591,2.940297,317.8906,5.903852,289.2456,276.595
87.38253,1,-310.955,2.83454,317.5414,313.6751,52.25031,147.723,1,-310.8887,3.016969,317.8545,5.862298,286.1961,279.6805
87.48869,1,-310.9451,2.86311,317.5307,311.7975,64.67458,145.5097,1,-310.851,3.010108,317.8582,0.4468338,299.0734,287.3363
87.59191,1,-310.934,2.860168,317.5227,313.6684,56.99285,152.6079,1,-310.8738,2.96933,317.8572,354.5541,305.9216,291.7668
87.69357,1,-310.9279,2.852247,317.5163,313.3742,53.07206,160.6171,1,-310.9241,2.90018,317.8927,353.3267,318.6786,306.6739
87.79935,1,-310.9223,2.850295,317.5248,310.4071,54.06948,159.3652,1,-311.0003,2.74068,317.9575,3.350842,2.871664,341.707
87.90408,1,-310.9103,2.856045,317.5372,304.6436,60.20021,154.8752,1,-311.0164,2.636414,317.9884,338.68,11.30518,9.740003
88.00928,1,-310.9074,2.854252,317.5405,305.1805,59.73635,158.4691,1,-311.009,2.693571,317.9685,12.21499,11.19946,14.66451
88.11458,1,-310.8991,2.842439,317.5541,303.862,56.50341,167.6097,1,-311.009,2.749332,317.9577,23.13066,13.099,2.716374
88.21743,1,-310.8965,2.842811,317.5546,303.3929,59.0815,162.0403,1,-310.9895,2.749351,317.9454,22.49411,0.3679904,344.5722
88.33012,1,-310.9002,2.851487,317.5506,303.0755,59.03459,161.3077,1,-310.9828,2.77595,317.9306,26.58282,344.5375,337.8999
88.43884,1,-310.9081,2.858001,317.5465,303.1577,59.39886,160.9143,1,-310.9671,2.873665,317.8955,35.2062,322.588,318.751
88.54969,1,-310.9341,2.929261,317.5407,309.6311,107.9614,80.79139,1,-310.9372,2.967278,317.8416,16.81344,297.9455,289.5497
88.66151,1,-310.9337,2.98643,317.596,323.0564,167.9105,14.71191,1,-310.901,2.952722,317.7362,359.6927,292.8297,258.6877
88.77228,1,-310.8402,2.997404,317.6521,302.8094,159.4353,64.74868,1,-310.9265,2.861509,317.6712,336.0407,274.9497,304.0722
88.88507,1,-310.9298,2.978309,317.5827,326.6863,164.5593,33.26701,1,-310.9045,2.973838,317.7521,0.7826309,286.9635,288.4581
88.99487,1,-310.8875,2.97432,317.6142,310.6818,186.1429,17.62924,1,-310.8887,2.939674,317.7432,355.2274,295.8029,270.2916
89.10539,1,-310.8672,2.969967,317.6121,299.283,165.6664,32.58673,1,-310.9203,2.898233,317.733,356.0463,284.2775,305.2714
89.20962,1,-310.9255,2.965525,317.5793,320.3788,178.6918,16.26632,1,-310.8723,2.95164,317.7857,16.64205,292.4917,265.9783
89.31753,1,-310.8323,2.979948,317.6138,302.8347,153.6783,57.73974,1,-310.8996,2.854544,317.726,2.534998,285.5086,315.8133
89.42781,1,-310.8525,3.010809,317.5985,323.9984,147.7884,61.01433,1,-310.8957,2.996129,317.8958,11.09646,274.3372,287.5435
89.5449,1,-310.8918,2.987428,317.5943,315.2836,151.0698,33.63157,1,-310.8524,2.950623,317.9203,15.45676,303.6987,300.4052
89.65872,0,0,0,0,0,0,0,0,0,0,0,0,0,0
89.77132,0,0,0,0,0,0,0,0,0,0,0,0,0,0
89.88126,0,0,0,0,0,0,0,0,0,0,0,0,0,0
89.98375,0,0,0,0,0,0,0,0,0,0,0,0,0,0
90.09669,0,0,0,0,0,0,0,0,0,0,0,0,0,0
90.20783,0,0,0,0,0,0,0,0,0,0,0,0,0,0
90.32243,0,0,0,0,0,0,0,0,0,0,0,0,0,0
90.42861,0,0,0,0,0,0,0,0,0,0,0,0,0,0
90.54721,0,0,0,0,0,0,0,0,0,0,0,0,0,0
90.65585,0,0,0,0,0,0,0,0,0,0,0,0,0,0
90.75798,0,0,0,0,0,0,0,0,0,0,0,0,0,0
90.85881,0,0,0,0,0,0,0,0,0,0,0,0,0,0
90.96495,0,0,0,0,0,0,0,0,0,0,0,0,0,0
91.07957,0,0,0,0,0,0,0,0,0,0,0,0,0,0
91.19681,0,0,0,0,0,0,0,0,0,0,0,0,0,0
91.31681,0,0,0,0,0,0,0,0,0,0,0,0,0,0
91.43482,0,0,0,0,0,0,0,0,0,0,0,0,0,0
91.54857,0,0,0,0,0,0,0,0,0,0,0,0,0,0
91.66601,0,0,0,0,0,0,0,0,0,0,0,0,0,0
91.78601,0,0,0,0,0,0,0,0,0,0,0,0,0,0
91.90601,0,0,0,0,0,0,0,0,0,0,0,0,0,0
92.02601,0,0,0,0,0,0,0,0,0,0,0,0,0,0
92.14601,0,0,0,0,0,0,0,0,0,0,0,0,0,0
92.26601,0,0,0,0,0,0,0,0,0,0,0,0,0,0
92.38601,0,0,0,0,0,0,0,0,0,0,0,0,0,0
92.50601,0,0,0,0,0,0,0,0,0,0,0,0,0,0
92.6257,0,0,0,0,0,0,0,0,0,0,0,0,0,0
92.7457,0,0,0,0,0,0,0,0,0,0,0,0,0,0
92.86483,0,0,0,0,0,0,0,0,0,0,0,0,0,0
92.97646,0,0,0,0,0,0,0,0,0,0,0,0,0,0
93.08585,0,0,0,0,0,0,0,0,0,0,0,0,0,0
93.19637,0,0,0,0,0,0,0,0,0,0,0,0,0,0
93.30766,0,0,0,0,0,0,0,0,0,0,0,0,0,0
93.42011,0,0,0,0,0,0,0,0,0,0,0,0,0,0
93.53294,0,0,0,0,0,0,0,0,0,0,0,0,0,0
93.64496,0,0,0,0,0,0,0,0,0,0,0,0,0,0
93.75233,0,0,0,0,0,0,0,0,0,0,0,0,0,0
93.85458,0,0,0,0,0,0,0,0,0,0,0,0,0,0
93.95784,0,0,0,0,0,0,0,0,0,0,0,0,0,0
94.06166,0,0,0,0,0,0,0,0,0,0,0,0,0,0
94.16559,0,0,0,0,0,0,0,0,0,0,0,0,0,0
94.27096,0,0,0,0,0,0,0,0,0,0,0,0,0,0
94.37796,0,0,0,0,0,0,0,0,0,0,0,0,0,0
94.48521,0,0,0,0,0,0,0,0,0,0,0,0,0,0
94.59319,0,0,0,0,0,0,0,0,0,0,0,0,0,0
94.69798,0,0,0,0,0,0,0,0,0,0,0,0,0,0
94.80058,0,0,0,0,0,0,0,0,0,0,0,0,0,0
94.90359,0,0,0,0,0,0,0,0,0,0,0,0,0,0
95.00847,0,0,0,0,0,0,0,0,0,0,0,0,0,0
95.11488,0,0,0,0,0,0,0,0,0,0,0,0,0,0
95.22051,0,0,0,0,0,0,0,0,0,0,0,0,0,0
95.32633,0,0,0,0,0,0,0,0,0,0,0,0,0,0
95.42886,0,0,0,0,0,0,0,0,0,0,0,0,0,0
95.54158,0,0,0,0,0,0,0,0,0,0,0,0,0,0
95.64785,0,0,0,0,0,0,0,0,0,0,0,0,0,0
95.74861,0,0,0,0,0,0,0,0,0,0,0,0,0,0
95.86001,0,0,0,0,0,0,0,1,-311.1048,3.326753,316.7397,46.99118,303.3109,44.80819
95.97182,0,0,0,0,0,0,0,1,-311.1051,3.265571,316.6575,51.75869,316.2307,79.16293
96.0821,0,0,0,0,0,0,0,1,-310.987,3.211968,316.5281,51.21544,289.6272,46.98391
96.19337,0,0,0,0,0,0,0,1,-310.9566,3.197446,316.4344,46.75007,281.0769,41.21296
96.30459,0,0,0,0,0,0,0,0,0,0,0,0,0,0
96.41534,0,0,0,0,0,0,0,0,0,0,0,0,0,0
96.52683,0,0,0,0,0,0,0,0,0,0,0,0,0,0
96.63767,0,0,0,0,0,0,0,0,0,0,0,0,0,0
96.74859,0,0,0,0,0,0,0,0,0,0,0,0,0,0
96.85997,0,0,0,0,0,0,0,0,0,0,0,0,0,0
96.96573,0,0,0,0,0,0,0,0,0,0,0,0,0,0
97.07652,0,0,0,0,0,0,0,0,0,0,0,0,0,0
97.18968,0,0,0,0,0,0,0,0,0,0,0,0,0,0
97.29227,0,0,0,0,0,0,0,0,0,0,0,0,0,0
97.39705,0,0,0,0,0,0,0,0,0,0,0,0,0,0
97.51352,0,0,0,0,0,0,0,0,0,0,0,0,0,0
97.62356,0,0,0,0,0,0,0,1,-310.4988,3.288476,316.4344,46.50035,239.2093,47.99068
97.73581,0,0,0,0,0,0,0,1,-309.8458,3.108534,316.3332,12.05676,160.9277,138.9153
97.84906,0,0,0,0,0,0,0,1,-309.6822,3.016079,316.3042,357.1924,170.5745,129.1031
97.95707,0,0,0,0,0,0,0,0,0,0,0,0,0,0
98.06429,0,0,0,0,0,0,0,0,0,0,0,0,0,0
98.17255,0,0,0,0,0,0,0,0,0,0,0,0,0,0
98.28942,0,0,0,0,0,0,0,0,0,0,0,0,0,0
98.40914,0,0,0,0,0,0,0,0,0,0,0,0,0,0
98.51371,0,0,0,0,0,0,0,1,-310.1828,3.080895,316.3452,36.00142,267.8942,100.0497
98.61921,0,0,0,0,0,0,0,1,-310.2227,3.103784,316.5695,84.14382,148.2697,297.3535
98.72872,0,0,0,0,0,0,0,1,-310.2229,2.999018,316.5165,59.0686,16.46884,187.2308
98.83405,0,0,0,0,0,0,0,1,-310.1918,3.053674,316.5034,62.08688,325.4362,140.5745
98.94503,0,0,0,0,0,0,0,1,-310.2215,3.112527,316.5414,54.06035,314.636,115.3839
99.04517,0,0,0,0,0,0,0,1,-310.1757,3.266892,316.5732,15.9432,317.2666,70.62709
99.15602,0,0,0,0,0,0,0,1,-310.0683,3.257535,316.5531,351.5452,308.3448,76.79961
99.27373,0,0,0,0,0,0,0,1,-309.6697,3.596798,316.684,22.25257,185.1237,16.81149
99.38699,0,0,0,0,0,0,0,1,-309.7112,3.399558,316.4442,51.26317,232.9931,68.54762
99.50578,0,0,0,0,0,0,0,1,-309.7058,3.340749,316.3963,63.79999,203.9327,40.7204
99.62579,0,0,0,0,0,0,0,1,-309.6851,3.319499,316.3364,63.06475,200.4779,40.10555
99.74579,0,0,0,0,0,0,0,1,-309.5591,3.307113,316.4103,62.33896,208.7855,61.4917
99.86578,0,0,0,0,0,0,0,1,-309.4854,3.282457,316.4396,73.54516,235.9252,100.5278
99.98579,0,0,0,0,0,0,0,0,0,0,0,0,0,0
100.1054,0,0,0,0,0,0,0,0,0,0,0,0,0,0
100.2136,0,0,0,0,0,0,0,1,-309.5522,3.350822,316.5317,39.3443,172.2764,4.985294
100.319,0,0,0,0,0,0,0,1,-309.584,3.157743,316.4928,34.40163,215.2759,19.40719
100.4253,0,0,0,0,0,0,0,1,-309.6299,3.291814,316.5371,39.97818,195.5896,11.67665
100.5367,0,0,0,0,0,0,0,1,-309.6701,3.277023,316.4998,10.13872,205.4952,343.3181
100.648,0,0,0,0,0,0,0,1,-309.6629,3.296588,316.4872,1.620726,214.4271,333.5909
100.7587,0,0,0,0,0,0,0,0,0,0,0,0,0,0
100.8703,0,0,0,0,0,0,0,0,0,0,0,0,0,0
100.9812,0,0,0,0,0,0,0,0,0,0,0,0,0,0
101.0929,0,0,0,0,0,0,0,1,-310.3045,3.160271,316.6155,52.98027,357.6292,120.161
101.1951,0,0,0,0,0,0,0,1,-310.2603,3.161749,316.6244,63.67147,332.5951,86.22533
101.3038,0,0,0,0,0,0,0,0,0,0,0,0,0,0
101.4174,0,0,0,0,0,0,0,0,0,0,0,0,0,0
101.5273,0,0,0,0,0,0,0,0,0,0,0,0,0,0
101.6345,0,0,0,0,0,0,0,0,0,0,0,0,0,0
101.7369,0,0,0,0,0,0,0,0,0,0,0,0,0,0
101.8404,0,0,0,0,0,0,0,0,0,0,0,0,0,0
101.9448,0,0,0,0,0,0,0,0,0,0,0,0,0,0
102.0506,0,0,0,0,0,0,0,0,0,0,0,0,0,0
102.1619,0,0,0,0,0,0,0,0,0,0,0,0,0,0
102.2727,0,0,0,0,0,0,0,0,0,0,0,0,0,0
102.384,0,0,0,0,0,0,0,0,0,0,0,0,0,0
102.4948,0,0,0,0,0,0,0,0,0,0,0,0,0,0
102.606,0,0,0,0,0,0,0,0,0,0,0,0,0,0
102.7176,0,0,0,0,0,0,0,0,0,0,0,0,0,0
102.8318,0,0,0,0,0,0,0,0,0,0,0,0,0,0
102.9323,0,0,0,0,0,0,0,0,0,0,0,0,0,0
103.0451,0,0,0,0,0,0,0,0,0,0,0,0,0,0
103.1547,0,0,0,0,0,0,0,0,0,0,0,0,0,0
103.2645,0,0,0,0,0,0,0,0,0,0,0,0,0,0
103.3733,0,0,0,0,0,0,0,0,0,0,0,0,0,0
103.4811,0,0,0,0,0,0,0,0,0,0,0,0,0,0
103.5921,0,0,0,0,0,0,0,0,0,0,0,0,0,0
103.7029,0,0,0,0,0,0,0,0,0,0,0,0,0,0
103.809,0,0,0,0,0,0,0,0,0,0,0,0,0,0
103.9206,0,0,0,0,0,0,0,0,0,0,0,0,0,0
104.0311,0,0,0,0,0,0,0,0,0,0,0,0,0,0
104.1432,0,0,0,0,0,0,0,0,0,0,0,0,0,0
104.2542,0,0,0,0,0,0,0,0,0,0,0,0,0,0
104.3653,0,0,0,0,0,0,0,0,0,0,0,0,0,0
104.4772,0,0,0,0,0,0,0,0,0,0,0,0,0,0
104.5875,0,0,0,0,0,0,0,0,0,0,0,0,0,0
104.6976,0,0,0,0,0,0,0,0,0,0,0,0,0,0
104.8019,0,0,0,0,0,0,0,0,0,0,0,0,0,0
104.9042,0,0,0,0,0,0,0,0,0,0,0,0,0,0
105.0131,1,-311.0856,3.415563,317.7613,23.26875,90.37531,342.4502,1,-311.0181,3.312746,317.7738,23.63308,330.7265,99.4223
105.1272,0,0,0,0,0,0,0,1,-311.2855,3.180718,317.8293,342.4553,269.9641,83.23172
105.2376,0,0,0,0,0,0,0,0,0,0,0,0,0,0
105.3404,0,0,0,0,0,0,0,1,-311.7575,3.148903,317.7667,358.9013,311.5327,114.1006
105.4513,0,0,0,0,0,0,0,0,0,0,0,0,0,0
105.5632,0,0,0,0,0,0,0,0,0,0,0,0,0,0
105.679,0,0,0,0,0,0,0,0,0,0,0,0,0,0
105.787,0,0,0,0,0,0,0,0,0,0,0,0,0,0
105.8938,0,0,0,0,0,0,0,0,0,0,0,0,0,0
106.0017,0,0,0,0,0,0,0,0,0,0,0,0,0,0
106.1061,0,0,0,0,0,0,0,0,0,0,0,0,0,0
106.2155,0,0,0,0,0,0,0,0,0,0,0,0,0,0
106.3289,0,0,0,0,0,0,0,0,0,0,0,0,0,0
106.4404,0,0,0,0,0,0,0,0,0,0,0,0,0,0
106.5426,0,0,0,0,0,0,0,0,0,0,0,0,0,0
106.6567,0,0,0,0,0,0,0,0,0,0,0,0,0,0
106.7701,0,0,0,0,0,0,0,0,0,0,0,0,0,0
106.8727,0,0,0,0,0,0,0,0,0,0,0,0,0,0
106.9848,0,0,0,0,0,0,0,0,0,0,0,0,0,0
107.0958,0,0,0,0,0,0,0,0,0,0,0,0,0,0
107.2066,0,0,0,0,0,0,0,0,0,0,0,0,0,0
107.3185,0,0,0,0,0,0,0,0,0,0,0,0,0,0
107.4295,0,0,0,0,0,0,0,0,0,0,0,0,0,0
107.5402,0,0,0,0,0,0,0,0,0,0,0,0,0,0
107.6531,0,0,0,0,0,0,0,0,0,0,0,0,0,0
107.7696,0,0,0,0,0,0,0,0,0,0,0,0,0,0
